condition,formula,effective_order,geometric_mean_time,left_time,right_time,roundoff_risk,sign_reversal,tau__lambda_h_sector_centered_half_width,tau__lambda_group_half_width_sum,tau__lambda_pauli_nonidentity_l1,diagnosis
active_equilibrium,joint_refine_r0_s0046,4.002112376147692,0.010606601717798213,0.0075,0.015,True,False,0.03145497357617177,0.19593425402284742,0.36210005114515365,direct_small_time_values_reach_numerical_floor
active_equilibrium,joint_refine_r0_s0046,3.9994849933891934,0.021213203435596427,0.015,0.03,False,False,0.06290994715234353,0.39186850804569484,0.7242001022903073,direct_small_time_values_reach_numerical_floor
active_equilibrium,joint_refine_r0_s0046,3.9996592768709376,0.042426406871192854,0.03,0.06,False,False,0.12581989430468707,0.7837370160913897,1.4484002045806146,direct_small_time_values_reach_numerical_floor
active_equilibrium,m5_best,3.3923174227787762,0.010606601717798213,0.0075,0.015,True,False,0.03145497357617177,0.19593425402284742,0.36210005114515365,direct_small_time_values_reach_numerical_floor
active_equilibrium,m5_best,3.9960586973004286,0.021213203435596427,0.015,0.03,True,False,0.06290994715234353,0.39186850804569484,0.7242001022903073,direct_small_time_values_reach_numerical_floor
active_equilibrium,m5_best,4.007849564939303,0.042426406871192854,0.03,0.06,True,False,0.12581989430468707,0.7837370160913897,1.4484002045806146,direct_small_time_values_reach_numerical_floor
active_equilibrium,paper_new4,3.9139324401731352,0.010606601717798213,0.0075,0.015,True,False,0.03145497357617177,0.19593425402284742,0.36210005114515365,direct_small_time_values_reach_numerical_floor
active_equilibrium,paper_new4,4.002583161014004,0.021213203435596427,0.015,0.03,True,False,0.06290994715234353,0.39186850804569484,0.7242001022903073,direct_small_time_values_reach_numerical_floor
active_equilibrium,paper_new4,3.999876734808372,0.042426406871192854,0.03,0.06,False,False,0.12581989430468707,0.7837370160913897,1.4484002045806146,direct_small_time_values_reach_numerical_floor
active_equilibrium,two_term_center,4.059482424030492,0.010606601717798213,0.0075,0.015,True,False,0.03145497357617177,0.19593425402284742,0.36210005114515365,direct_small_time_values_reach_numerical_floor
active_equilibrium,two_term_center,3.9974593626188644,0.021213203435596427,0.015,0.03,True,False,0.06290994715234353,0.39186850804569484,0.7242001022903073,direct_small_time_values_reach_numerical_floor
active_equilibrium,two_term_center,4.000106525056654,0.042426406871192854,0.03,0.06,False,False,0.12581989430468707,0.7837370160913897,1.4484002045806146,direct_small_time_values_reach_numerical_floor
active_equilibrium,yoshida4,3.9999246773538957,0.010606601717798213,0.0075,0.015,True,False,0.03145497357617177,0.19593425402284742,0.36210005114515365,direct_small_time_values_reach_numerical_floor
active_equilibrium,yoshida4,3.9997935273109717,0.021213203435596427,0.015,0.03,False,False,0.06290994715234353,0.39186850804569484,0.7242001022903073,direct_small_time_values_reach_numerical_floor
active_equilibrium,yoshida4,3.999168401131851,0.042426406871192854,0.03,0.06,False,False,0.12581989430468707,0.7837370160913897,1.4484002045806146,direct_small_time_values_reach_numerical_floor
active_equilibrium,yoshida6_m3,2.6629650127224442,0.010606601717798213,0.0075,0.015,True,False,0.03145497357617177,0.19593425402284742,0.36210005114515365,sign_reversal_or_cancellation_on_direct_ladder
active_equilibrium,yoshida6_m3,4.67391342363089,0.021213203435596427,0.015,0.03,True,True,0.06290994715234353,0.39186850804569484,0.7242001022903073,sign_reversal_or_cancellation_on_direct_ladder
active_equilibrium,yoshida6_m3,5.94199445615237,0.042426406871192854,0.03,0.06,True,False,0.12581989430468707,0.7837370160913897,1.4484002045806146,sign_reversal_or_cancellation_on_direct_ladder
active_stretch150,joint_refine_r0_s0046,4.020976717225649,0.010606601717798213,0.0075,0.015,True,False,0.02055512608950015,0.20513000054199157,0.3704165508588334,direct_small_time_values_reach_numerical_floor
active_stretch150,joint_refine_r0_s0046,4.005113402086941,0.021213203435596427,0.015,0.03,True,False,0.0411102521790003,0.41026000108398314,0.7408331017176668,direct_small_time_values_reach_numerical_floor
active_stretch150,joint_refine_r0_s0046,3.9997343245690886,0.042426406871192854,0.03,0.06,False,False,0.0822205043580006,0.8205200021679663,1.4816662034353336,direct_small_time_values_reach_numerical_floor
active_stretch150,m5_best,1.834576390792671,0.010606601717798213,0.0075,0.015,True,True,0.02055512608950015,0.20513000054199157,0.3704165508588334,sign_reversal_or_cancellation_on_direct_ladder
active_stretch150,m5_best,3.7393232146946502,0.021213203435596427,0.015,0.03,True,False,0.0411102521790003,0.41026000108398314,0.7408331017176668,sign_reversal_or_cancellation_on_direct_ladder
active_stretch150,m5_best,4.074937297110142,0.042426406871192854,0.03,0.06,True,False,0.0822205043580006,0.8205200021679663,1.4816662034353336,sign_reversal_or_cancellation_on_direct_ladder
active_stretch150,paper_new4,3.8140543573975427,0.010606601717798213,0.0075,0.015,True,False,0.02055512608950015,0.20513000054199157,0.3704165508588334,direct_small_time_values_reach_numerical_floor
active_stretch150,paper_new4,3.9812895855628074,0.021213203435596427,0.015,0.03,True,False,0.0411102521790003,0.41026000108398314,0.7408331017176668,direct_small_time_values_reach_numerical_floor
active_stretch150,paper_new4,3.9994098449537803,0.042426406871192854,0.03,0.06,False,False,0.0822205043580006,0.8205200021679663,1.4816662034353336,direct_small_time_values_reach_numerical_floor
active_stretch150,two_term_center,4.274065442958085,0.010606601717798213,0.0075,0.015,True,False,0.02055512608950015,0.20513000054199157,0.3704165508588334,direct_small_time_values_reach_numerical_floor
active_stretch150,two_term_center,3.9926224822652236,0.021213203435596427,0.015,0.03,True,False,0.0411102521790003,0.41026000108398314,0.7408331017176668,direct_small_time_values_reach_numerical_floor
active_stretch150,two_term_center,4.000493009963094,0.042426406871192854,0.03,0.06,True,False,0.0822205043580006,0.8205200021679663,1.4816662034353336,direct_small_time_values_reach_numerical_floor
active_stretch150,yoshida4,3.9988533043887826,0.010606601717798213,0.0075,0.015,True,False,0.02055512608950015,0.20513000054199157,0.3704165508588334,direct_small_time_values_reach_numerical_floor
active_stretch150,yoshida4,4.000099410258498,0.021213203435596427,0.015,0.03,False,False,0.0411102521790003,0.41026000108398314,0.7408331017176668,direct_small_time_values_reach_numerical_floor
active_stretch150,yoshida4,3.998876798199219,0.042426406871192854,0.03,0.06,False,False,0.0822205043580006,0.8205200021679663,1.4816662034353336,direct_small_time_values_reach_numerical_floor
active_stretch150,yoshida6_m3,-0.09114788805819954,0.010606601717798213,0.0075,0.015,True,False,0.02055512608950015,0.20513000054199157,0.3704165508588334,direct_small_time_values_reach_numerical_floor
active_stretch150,yoshida6_m3,2.4422223286050744,0.021213203435596427,0.015,0.03,True,False,0.0411102521790003,0.41026000108398314,0.7408331017176668,direct_small_time_values_reach_numerical_floor
active_stretch150,yoshida6_m3,5.696327731648792,0.042426406871192854,0.03,0.06,True,False,0.0822205043580006,0.8205200021679663,1.4816662034353336,direct_small_time_values_reach_numerical_floor
full_equilibrium,joint_refine_r0_s0046,3.998282075324439,0.010606601717798213,0.0075,0.015,False,False,0.20616426959499162,0.4491765813558108,0.7923313690996937,direct_effective_order_reaches_formal_order_4
full_equilibrium,joint_refine_r0_s0046,3.995346945502708,0.021213203435596427,0.015,0.03,False,False,0.41232853918998325,0.8983531627116216,1.5846627381993874,direct_effective_order_reaches_formal_order_4
full_equilibrium,joint_refine_r0_s0046,3.9810939570407458,0.042426406871192854,0.03,0.06,False,False,0.8246570783799665,1.7967063254232432,3.169325476398775,direct_effective_order_reaches_formal_order_4
full_equilibrium,m5_best,3.4401638122698968,0.010606601717798213,0.0075,0.015,True,False,0.20616426959499162,0.4491765813558108,0.7923313690996937,direct_small_time_values_reach_numerical_floor
full_equilibrium,m5_best,3.9619404613969977,0.021213203435596427,0.015,0.03,True,False,0.41232853918998325,0.8983531627116216,1.5846627381993874,direct_small_time_values_reach_numerical_floor
full_equilibrium,m5_best,3.9390550646356624,0.042426406871192854,0.03,0.06,False,False,0.8246570783799665,1.7967063254232432,3.169325476398775,direct_small_time_values_reach_numerical_floor
full_equilibrium,paper_new4,3.997873251107699,0.010606601717798213,0.0075,0.015,True,False,0.20616426959499162,0.4491765813558108,0.7923313690996937,direct_small_time_values_reach_numerical_floor
full_equilibrium,paper_new4,3.9758874875928414,0.021213203435596427,0.015,0.03,False,False,0.41232853918998325,0.8983531627116216,1.5846627381993874,direct_small_time_values_reach_numerical_floor
full_equilibrium,paper_new4,3.8933053903045387,0.042426406871192854,0.03,0.06,False,False,0.8246570783799665,1.7967063254232432,3.169325476398775,direct_small_time_values_reach_numerical_floor
full_equilibrium,two_term_center,3.9908998883064286,0.010606601717798213,0.0075,0.015,True,False,0.20616426959499162,0.4491765813558108,0.7923313690996937,direct_small_time_values_reach_numerical_floor
full_equilibrium,two_term_center,3.9966764426631998,0.021213203435596427,0.015,0.03,False,False,0.41232853918998325,0.8983531627116216,1.5846627381993874,direct_small_time_values_reach_numerical_floor
full_equilibrium,two_term_center,3.9860983158962666,0.042426406871192854,0.03,0.06,False,False,0.8246570783799665,1.7967063254232432,3.169325476398775,direct_small_time_values_reach_numerical_floor
full_equilibrium,yoshida4,3.997288812018874,0.010606601717798213,0.0075,0.015,False,False,0.20616426959499162,0.4491765813558108,0.7923313690996937,direct_effective_order_reaches_formal_order_4
full_equilibrium,yoshida4,3.9885620009664686,0.021213203435596427,0.015,0.03,False,False,0.41232853918998325,0.8983531627116216,1.5846627381993874,direct_effective_order_reaches_formal_order_4
full_equilibrium,yoshida4,3.9537798174004863,0.042426406871192854,0.03,0.06,False,False,0.8246570783799665,1.7967063254232432,3.169325476398775,direct_effective_order_reaches_formal_order_4
full_equilibrium,yoshida6_m3,5.969916469611707,0.010606601717798213,0.0075,0.015,True,False,0.20616426959499162,0.4491765813558108,0.7923313690996937,direct_small_time_values_reach_numerical_floor
full_equilibrium,yoshida6_m3,5.974350095308204,0.021213203435596427,0.015,0.03,False,False,0.41232853918998325,0.8983531627116216,1.5846627381993874,direct_small_time_values_reach_numerical_floor
full_equilibrium,yoshida6_m3,5.9017139995600845,0.042426406871192854,0.03,0.06,False,False,0.8246570783799665,1.7967063254232432,3.169325476398775,direct_small_time_values_reach_numerical_floor
full_stretch150,joint_refine_r0_s0046,3.9892552467577667,0.010606601717798213,0.0075,0.015,False,False,0.19963407231488522,0.462969202299896,0.7907143022316792,direct_effective_order_reaches_formal_order_4
full_stretch150,joint_refine_r0_s0046,3.995393219170649,0.021213203435596427,0.015,0.03,False,False,0.39926814462977045,0.925938404599792,1.5814286044633583,direct_effective_order_reaches_formal_order_4
full_stretch150,joint_refine_r0_s0046,3.98149442826106,0.042426406871192854,0.03,0.06,False,False,0.7985362892595409,1.851876809199584,3.1628572089267166,direct_effective_order_reaches_formal_order_4
full_stretch150,m5_best,5.493539472957571,0.010606601717798213,0.0075,0.015,True,True,0.19963407231488522,0.462969202299896,0.7907143022316792,sign_reversal_or_cancellation_on_direct_ladder
full_stretch150,m5_best,4.204525437995628,0.021213203435596427,0.015,0.03,True,False,0.39926814462977045,0.925938404599792,1.5814286044633583,sign_reversal_or_cancellation_on_direct_ladder
full_stretch150,m5_best,3.9419436125815857,0.042426406871192854,0.03,0.06,False,False,0.7985362892595409,1.851876809199584,3.1628572089267166,sign_reversal_or_cancellation_on_direct_ladder
full_stretch150,paper_new4,3.9846945807013996,0.010606601717798213,0.0075,0.015,True,False,0.19963407231488522,0.462969202299896,0.7907143022316792,direct_small_time_values_reach_numerical_floor
full_stretch150,paper_new4,3.977383917192371,0.021213203435596427,0.015,0.03,False,False,0.39926814462977045,0.925938404599792,1.5814286044633583,direct_small_time_values_reach_numerical_floor
full_stretch150,paper_new4,3.9029100147814106,0.042426406871192854,0.03,0.06,False,False,0.7985362892595409,1.851876809199584,3.1628572089267166,direct_small_time_values_reach_numerical_floor
full_stretch150,two_term_center,4.128200823022287,0.010606601717798213,0.0075,0.015,True,False,0.19963407231488522,0.462969202299896,0.7907143022316792,direct_small_time_values_reach_numerical_floor
full_stretch150,two_term_center,3.9938506246915786,0.021213203435596427,0.015,0.03,False,False,0.39926814462977045,0.925938404599792,1.5814286044633583,direct_small_time_values_reach_numerical_floor
full_stretch150,two_term_center,3.9865719018096355,0.042426406871192854,0.03,0.06,False,False,0.7985362892595409,1.851876809199584,3.1628572089267166,direct_small_time_values_reach_numerical_floor
full_stretch150,yoshida4,3.9968300255064992,0.010606601717798213,0.0075,0.015,False,False,0.19963407231488522,0.462969202299896,0.7907143022316792,direct_effective_order_reaches_formal_order_4
full_stretch150,yoshida4,3.988791906515065,0.021213203435596427,0.015,0.03,False,False,0.39926814462977045,0.925938404599792,1.5814286044633583,direct_effective_order_reaches_formal_order_4
full_stretch150,yoshida4,3.954788606296641,0.042426406871192854,0.03,0.06,False,False,0.7985362892595409,1.851876809199584,3.1628572089267166,direct_effective_order_reaches_formal_order_4
full_stretch150,yoshida6_m3,5.474060572220294,0.010606601717798213,0.0075,0.015,True,False,0.19963407231488522,0.462969202299896,0.7907143022316792,direct_small_time_values_reach_numerical_floor
full_stretch150,yoshida6_m3,5.95217127048473,0.021213203435596427,0.015,0.03,True,False,0.39926814462977045,0.925938404599792,1.5814286044633583,direct_small_time_values_reach_numerical_floor
full_stretch150,yoshida6_m3,5.905899230232404,0.042426406871192854,0.03,0.06,False,False,0.7985362892595409,1.851876809199584,3.1628572089267166,direct_small_time_values_reach_numerical_floor
