condition,formula,formal_order,protocol,qualified,failure_reasons,t_start,t_stop,free_order,r2,lambda_h_sector_centered_half_width,tau_start__lambda_h_sector_centered_half_width,tau_stop__lambda_h_sector_centered_half_width,lambda_group_half_width_sum,tau_start__lambda_group_half_width_sum,tau_stop__lambda_group_half_width_sum,lambda_pauli_nonidentity_l1,tau_start__lambda_pauli_nonidentity_l1,tau_stop__lambda_pauli_nonidentity_l1
active_equilibrium,joint_refine_r0_s0046,4,legacy_molecular_sensitivity,True,,0.02,0.034507053373351075,3.9998517893712062,0.9999999999319622,2.965603349033963,0.05931206698067926,0.10233423304930366,18.47285862483773,0.36945717249675464,0.6374439185256443,34.139120217697844,0.6827824043539569,1.1780404434713483
active_equilibrium,joint_refine_r0_s0046,4,shared_molecular,True,,0.06,0.12576573057683554,3.998580000956176,0.99999999417555,2.965603349033963,0.17793620094203777,0.37297127179236655,18.47285862483773,1.1083715174902637,2.3232525607953147,34.139120217697844,2.0483472130618705,4.293531395429186
active_equilibrium,m5_best,4,legacy_molecular_sensitivity,True,,0.034507053373351075,0.059536836625564964,4.001704353940608,0.9999998875925487,2.965603349033963,0.10233423304930366,0.17656264208766337,18.47285862483773,0.6374439185256443,1.0998155659541227,34.139120217697844,1.1780404434713483,2.0325352229415983
active_equilibrium,m5_best,4,shared_molecular,True,,0.06,0.12576573057683554,3.998567472281181,0.9999999960670667,2.965603349033963,0.17793620094203777,0.37297127179236655,18.47285862483773,1.1083715174902637,2.3232525607953147,34.139120217697844,2.0483472130618705,4.293531395429186
active_equilibrium,paper_new4,4,legacy_molecular_sensitivity,True,,0.02,0.034507053373351075,3.999944432244087,0.999999996126794,2.965603349033963,0.05931206698067926,0.10233423304930366,18.47285862483773,0.36945717249675464,0.6374439185256443,34.139120217697844,0.6827824043539569,1.1780404434713483
active_equilibrium,paper_new4,4,shared_molecular,True,,0.06,0.12576573057683554,3.9974009721300865,0.9999999804363383,2.965603349033963,0.17793620094203777,0.37297127179236655,18.47285862483773,1.1083715174902637,2.3232525607953147,34.139120217697844,2.0483472130618705,4.293531395429186
active_equilibrium,two_term_center,4,legacy_molecular_sensitivity,True,,0.02,0.034507053373351075,3.9991089286423454,0.9999999690050503,2.965603349033963,0.05931206698067926,0.10233423304930366,18.47285862483773,0.36945717249675464,0.6374439185256443,34.139120217697844,0.6827824043539569,1.1780404434713483
active_equilibrium,two_term_center,4,shared_molecular,True,,0.06,0.12576573057683554,3.9994553101741332,0.9999999992383823,2.965603349033963,0.17793620094203777,0.37297127179236655,18.47285862483773,1.1083715174902637,2.3232525607953147,34.139120217697844,2.0483472130618705,4.293531395429186
active_equilibrium,yoshida4,4,legacy_molecular_sensitivity,True,,0.02,0.034507053373351075,3.9996970462631523,0.9999999998383522,2.965603349033963,0.05931206698067926,0.10233423304930366,18.47285862483773,0.36945717249675464,0.6374439185256443,34.139120217697844,0.6827824043539569,1.1780404434713483
active_equilibrium,yoshida4,4,shared_molecular,True,,0.06,0.12576573057683554,3.9965209923907565,0.9999999649888508,2.965603349033963,0.17793620094203777,0.37297127179236655,18.47285862483773,1.1083715174902637,2.3232525607953147,34.139120217697844,2.0483472130618705,4.293531395429186
active_equilibrium,yoshida6_m3,6,legacy_molecular_sensitivity,True,,0.0453259395834091,0.07820323082009921,5.998255805046689,0.9999999663027502,2.965603349033963,0.1344187582266691,0.23191976322536223,18.47285862483773,0.8372996739622527,1.4446372269452454,34.139120217697844,1.5473877004181127,2.66978949837974
active_equilibrium,yoshida6_m3,6,shared_molecular,True,,0.06,0.12576573057683554,5.997204800587757,0.99999998687593,2.965603349033963,0.17793620094203777,0.37297127179236655,18.47285862483773,1.1083715174902637,2.3232525607953147,34.139120217697844,2.0483472130618705,4.293531395429186
active_stretch150,joint_refine_r0_s0046,4,legacy_molecular_sensitivity,True,,0.02,0.034507053373351075,3.9998449383148,0.9999999999368738,1.9379558728040103,0.038759117456080204,0.06687314673804715,19.33984192107232,0.3867968384214464,0.6673609574026151,34.923207330135035,0.6984641466027007,1.2050969793095752
active_stretch150,joint_refine_r0_s0046,4,shared_molecular,True,,0.06,0.12576573057683554,3.9980444035557667,0.9999999889863027,1.9379558728040103,0.1162773523682406,0.24372843616886533,19.33984192107232,1.1603905152643392,2.432289348444171,34.923207330135035,2.095392439808102,4.392142683960731
active_stretch150,m5_best,4,legacy_molecular_sensitivity,True,,0.051947695424124994,0.08962809493114333,4.001706932757261,0.9999989001926297,1.9379558728040103,0.10067234142581705,0.17369529294004457,19.33984192107232,1.0046602176665893,1.7333931876551754,34.923207330135035,1.8141801376194242,3.130100541885344
active_stretch150,m5_best,4,shared_molecular,True,,0.06,0.12576573057683554,3.9988684496466753,0.99999998718148,1.9379558728040103,0.1162773523682406,0.24372843616886533,19.33984192107232,1.1603905152643392,2.432289348444171,34.923207330135035,2.095392439808102,4.392142683960731
active_stretch150,paper_new4,4,legacy_molecular_sensitivity,True,,0.02,0.034507053373351075,3.9980044720847037,0.999999954557084,1.9379558728040103,0.038759117456080204,0.06687314673804715,19.33984192107232,0.3867968384214464,0.6673609574026151,34.923207330135035,0.6984641466027007,1.2050969793095752
active_stretch150,paper_new4,4,shared_molecular,True,,0.06,0.12576573057683554,3.997941795843286,0.9999999883103152,1.9379558728040103,0.1162773523682406,0.24372843616886533,19.33984192107232,1.1603905152643392,2.432289348444171,34.923207330135035,2.095392439808102,4.392142683960731
active_stretch150,two_term_center,4,legacy_molecular_sensitivity,True,,0.026270536109242643,0.0453259395834091,4.000123813882812,0.9999999620369399,1.9379558728040103,0.0509111397346166,0.08783967080602742,19.33984192107232,0.508068015534575,0.8765965064672067,34.923207330135035,0.9174513792168798,1.5829271855045706
active_stretch150,two_term_center,4,shared_molecular,True,,0.06,0.12576573057683554,3.999407945965712,0.9999999989554025,1.9379558728040103,0.1162773523682406,0.24372843616886533,19.33984192107232,1.1603905152643392,2.432289348444171,34.923207330135035,2.095392439808102,4.392142683960731
active_stretch150,yoshida4,4,legacy_molecular_sensitivity,True,,0.02,0.034507053373351075,3.9995791774545806,0.9999999996359201,1.9379558728040103,0.038759117456080204,0.06687314673804715,19.33984192107232,0.3867968384214464,0.6673609574026151,34.923207330135035,0.6984641466027007,1.2050969793095752
active_stretch150,yoshida4,4,shared_molecular,True,,0.06,0.12576573057683554,3.9952058077873462,0.9999999336480236,1.9379558728040103,0.1162773523682406,0.24372843616886533,19.33984192107232,1.1603905152643392,2.432289348444171,34.923207330135035,2.095392439808102,4.392142683960731
active_stretch150,yoshida6_m3,6,legacy_molecular_sensitivity,True,,0.059536836625564964,0.10272203995594266,5.999415785752255,0.9999999835153833,1.9379558728040103,0.11537976218668651,0.19907078059902727,19.33984192107232,1.1514330088191351,1.9866280145580058,34.923207330135035,2.0792172892549825,3.587383098755801
active_stretch150,yoshida6_m3,6,shared_molecular,True,,0.06,0.12576573057683554,5.998269803781851,0.9999999966162925,1.9379558728040103,0.1162773523682406,0.24372843616886533,19.33984192107232,1.1603905152643392,2.432289348444171,34.923207330135035,2.095392439808102,4.392142683960731
full_equilibrium,joint_refine_r0_s0046,4,legacy_molecular_sensitivity,True,,0.02,0.034507053373351075,3.9930421310945077,0.9999999220716655,19.437353742532018,0.38874707485064036,0.6707258030302576,42.34877421691797,0.8469754843383593,1.461331412199182,74.70171787162863,1.4940343574325727,2.5777361656773032
full_equilibrium,joint_refine_r0_s0046,4,shared_molecular,True,,0.06,0.12576573057683554,3.919091049508894,0.999979427316139,19.437353742532018,1.1662412245519211,2.444552993909928,42.34877421691797,2.540926453015078,5.326024528424145,74.70171787162863,4.4821030722977175,9.394916123470027
full_equilibrium,m5_best,4,legacy_molecular_sensitivity,True,,0.02,0.034507053373351075,3.97786317318849,0.9999994250237492,19.437353742532018,0.38874707485064036,0.6707258030302576,42.34877421691797,0.8469754843383593,1.461331412199182,74.70171787162863,1.4940343574325727,2.5777361656773032
full_equilibrium,m5_best,4,shared_molecular,False,formal-order condition is met but R2 is below threshold; R2 is high but fitted order is outside tolerance; sign reversal or cancellation occurs inside the grid,,,,,19.437353742532018,,,42.34877421691797,,,74.70171787162863,,
full_equilibrium,paper_new4,4,legacy_molecular_sensitivity,True,,0.02,0.034507053373351075,3.963073008253643,0.9999975457709064,19.437353742532018,0.38874707485064036,0.6707258030302576,42.34877421691797,0.8469754843383593,1.461331412199182,74.70171787162863,1.4940343574325727,2.5777361656773032
full_equilibrium,paper_new4,4,shared_molecular,False,sign reversal or cancellation occurs inside the grid,,,,,19.437353742532018,,,42.34877421691797,,,74.70171787162863,,
full_equilibrium,two_term_center,4,legacy_molecular_sensitivity,True,,0.02,0.034507053373351075,3.995068786445197,0.9999999507003029,19.437353742532018,0.38874707485064036,0.6707258030302576,42.34877421691797,0.8469754843383593,1.461331412199182,74.70171787162863,1.4940343574325727,2.5777361656773032
full_equilibrium,two_term_center,4,shared_molecular,True,,0.06,0.12576573057683554,3.9351070421661922,0.9999873439510578,19.437353742532018,1.1662412245519211,2.444552993909928,42.34877421691797,2.540926453015078,5.326024528424145,74.70171787162863,4.4821030722977175,9.394916123470027
full_equilibrium,yoshida4,4,legacy_molecular_sensitivity,True,,0.02,0.034507053373351075,3.9830438764674803,0.9999995328311088,19.437353742532018,0.38874707485064036,0.6707258030302576,42.34877421691797,0.8469754843383593,1.461331412199182,74.70171787162863,1.4940343574325727,2.5777361656773032
full_equilibrium,yoshida4,4,shared_molecular,False,R2 is high but fitted order is outside tolerance,,,,,19.437353742532018,,,42.34877421691797,,,74.70171787162863,,
full_equilibrium,yoshida6_m3,6,legacy_molecular_sensitivity,True,,0.02,0.034507053373351075,5.963827301931019,0.999999047973766,19.437353742532018,0.38874707485064036,0.6707258030302576,42.34877421691797,0.8469754843383593,1.461331412199182,74.70171787162863,1.4940343574325727,2.5777361656773032
full_equilibrium,yoshida6_m3,6,shared_molecular,False,R2 is high but fitted order is outside tolerance,,,,,19.437353742532018,,,42.34877421691797,,,74.70171787162863,,
full_stretch150,joint_refine_r0_s0046,4,legacy_molecular_sensitivity,True,,0.02,0.034507053373351075,3.9931711745399023,0.9999999256248462,18.821680838632126,0.37643361677264253,0.649480745274858,43.64915499023773,0.8729830998047546,1.506203720949807,74.54925934522794,1.4909851869045587,2.572475271169572
full_stretch150,joint_refine_r0_s0046,4,shared_molecular,True,,0.06,0.12576573057683554,3.921154102091693,0.9999806528342539,18.821680838632126,1.1293008503179276,2.367122441354596,43.64915499023773,2.618949299414264,5.489567866408775,74.54925934522794,4.472955560713676,9.375742065514576
full_stretch150,m5_best,4,legacy_molecular_sensitivity,True,,0.02,0.034507053373351075,3.968647303700582,0.9999958690853481,18.821680838632126,0.37643361677264253,0.649480745274858,43.64915499023773,0.8729830998047546,1.506203720949807,74.54925934522794,1.4909851869045587,2.572475271169572
full_stretch150,m5_best,4,shared_molecular,False,formal-order condition is met but R2 is below threshold; R2 is high but fitted order is outside tolerance; sign reversal or cancellation occurs inside the grid,,,,,18.821680838632126,,,43.64915499023773,,,74.54925934522794,,
full_stretch150,paper_new4,4,legacy_molecular_sensitivity,True,,0.02,0.034507053373351075,3.9661715671152202,0.9999980092347565,18.821680838632126,0.37643361677264253,0.649480745274858,43.64915499023773,0.8729830998047546,1.506203720949807,74.54925934522794,1.4909851869045587,2.572475271169572
full_stretch150,paper_new4,4,shared_molecular,False,formal-order plateau is not reached before the current grid ends,,,,,18.821680838632126,,,43.64915499023773,,,74.54925934522794,,
full_stretch150,two_term_center,4,legacy_molecular_sensitivity,True,,0.02,0.034507053373351075,3.9955393103896033,0.9999999274868863,18.821680838632126,0.37643361677264253,0.649480745274858,43.64915499023773,0.8729830998047546,1.506203720949807,74.54925934522794,1.4909851869045587,2.572475271169572
full_stretch150,two_term_center,4,shared_molecular,True,,0.06,0.12576573057683554,3.9397544358345646,0.9999890076718075,18.821680838632126,1.1293008503179276,2.367122441354596,43.64915499023773,2.618949299414264,5.489567866408775,74.54925934522794,4.472955560713676,9.375742065514576
full_stretch150,yoshida4,4,legacy_molecular_sensitivity,True,,0.02,0.034507053373351075,3.9833890488226444,0.9999995526484452,18.821680838632126,0.37643361677264253,0.649480745274858,43.64915499023773,0.8729830998047546,1.506203720949807,74.54925934522794,1.4909851869045587,2.572475271169572
full_stretch150,yoshida4,4,shared_molecular,True,,0.06,0.12576573057683554,3.8037192127356323,0.9998685102010063,18.821680838632126,1.1293008503179276,2.367122441354596,43.64915499023773,2.618949299414264,5.489567866408775,74.54925934522794,4.472955560713676,9.375742065514576
full_stretch150,yoshida6_m3,6,legacy_molecular_sensitivity,True,,0.02,0.034507053373351075,5.965473515669766,0.9999990979258697,18.821680838632126,0.37643361677264253,0.649480745274858,43.64915499023773,0.8729830998047546,1.506203720949807,74.54925934522794,1.4909851869045587,2.572475271169572
full_stretch150,yoshida6_m3,6,shared_molecular,False,R2 is high but fitted order is outside tolerance,,,,,18.821680838632126,,,43.64915499023773,,,74.54925934522794,,
