experiment_id,case_id,formula_id,state_id,resolved_point_count,majority_count_required,fit_dominant_count,state_dominant_count,proxy_dominant_count,dominant_component,maximum_component_over_target_error
B,H4,current_m3,cisd,12,7,0,12,0,E_state_hartree,0.00012714698050338608
B,H4,current_m3,controlled_q0.001_phi0.000000000000,12,7,0,12,0,E_state_hartree,0.00019799916398368487
B,H4,current_m3,controlled_q0.001_phi1.570796326795,12,7,0,11,0,E_state_hartree,1.8229767504413252e-05
B,H4,current_m3,controlled_q0.001_phi3.141592653590,12,7,0,12,0,E_state_hartree,0.00017036025292191975
B,H4,current_m3,controlled_q0.001_phi4.712388980385,12,7,0,10,0,E_state_hartree,1.8229767504413252e-05
B,H4,current_m3,controlled_q0.010_phi0.000000000000,12,7,0,12,0,E_state_hartree,0.0007179924569460195
B,H4,current_m3,controlled_q0.010_phi1.570796326795,12,7,0,12,0,E_state_hartree,0.00015207822812566223
B,H4,current_m3,controlled_q0.010_phi3.141592653590,12,7,0,12,0,E_state_hartree,0.0004416033332432578
B,H4,current_m3,controlled_q0.010_phi4.712388980385,12,7,0,12,0,E_state_hartree,0.00015207822812566223
B,H4,current_m3,controlled_q0.050_phi0.000000000000,10,6,0,10,0,E_state_hartree,0.001960979014325586
B,H4,current_m3,controlled_q0.050_phi1.570796326795,12,7,0,12,0,E_state_hartree,0.0007213839992441648
B,H4,current_m3,controlled_q0.050_phi3.141592653590,12,7,0,12,0,E_state_hartree,0.0005790333899961647
B,H4,current_m3,controlled_q0.050_phi4.712388980385,12,7,0,12,0,E_state_hartree,0.0007213839992441648
B,H4,current_m3,rhf,12,7,0,12,0,E_state_hartree,0.005411530913421105
B,H4,m5_best,cisd,10,6,0,10,0,E_state_hartree,6.158564386208024e-05
B,H4,m5_best,controlled_q0.001_phi0.000000000000,10,6,0,10,0,E_state_hartree,9.30527268309122e-05
B,H4,m5_best,controlled_q0.001_phi1.570796326795,10,6,0,6,0,E_state_hartree,9.352501190258662e-06
B,H4,m5_best,controlled_q0.001_phi3.141592653590,10,6,0,10,0,E_state_hartree,8.29616632067727e-05
B,H4,m5_best,controlled_q0.001_phi4.712388980385,10,6,2,5,0,mixed,9.352501190258662e-06
B,H4,m5_best,controlled_q0.010_phi0.000000000000,10,6,0,10,0,E_state_hartree,0.0003275020516929404
B,H4,m5_best,controlled_q0.010_phi1.570796326795,10,6,0,9,0,E_state_hartree,6.401366281768854e-05
B,H4,m5_best,controlled_q0.010_phi3.141592653590,10,6,0,10,0,E_state_hartree,0.0002265914133663152
B,H4,m5_best,controlled_q0.010_phi4.712388980385,10,6,0,8,0,E_state_hartree,6.401366281768854e-05
B,H4,m5_best,controlled_q0.050_phi0.000000000000,12,7,0,12,0,E_state_hartree,0.0008591278311289502
B,H4,m5_best,controlled_q0.050_phi1.570796326795,9,5,0,9,0,E_state_hartree,0.00028197518725945833
B,H4,m5_best,controlled_q0.050_phi3.141592653590,12,7,0,12,0,E_state_hartree,0.00035457463856905194
B,H4,m5_best,controlled_q0.050_phi4.712388980385,9,5,0,9,0,E_state_hartree,0.00028197518725945833
B,H4,m5_best,rhf,12,7,0,12,0,E_state_hartree,0.0025031637048757217
B,H4,two_term_center,cisd,12,7,0,12,0,E_state_hartree,8.244184396378855e-05
B,H4,two_term_center,controlled_q0.001_phi0.000000000000,12,7,0,12,0,E_state_hartree,0.0001359426098287493
B,H4,two_term_center,controlled_q0.001_phi1.570796326795,12,7,0,6,0,mixed,1.6161754280128933e-05
B,H4,two_term_center,controlled_q0.001_phi3.141592653590,12,7,0,12,0,E_state_hartree,0.00010928132709323112
B,H4,two_term_center,controlled_q0.001_phi4.712388980385,12,7,0,6,0,mixed,1.6161754280128933e-05
B,H4,two_term_center,controlled_q0.010_phi0.000000000000,12,7,0,12,0,E_state_hartree,0.0005192890060235458
B,H4,two_term_center,controlled_q0.010_phi1.570796326795,12,7,0,12,0,E_state_hartree,0.0001422187602675775
B,H4,two_term_center,controlled_q0.010_phi3.141592653590,12,7,0,12,0,E_state_hartree,0.00025267617759286117
B,H4,two_term_center,controlled_q0.010_phi4.712388980385,12,7,0,12,0,E_state_hartree,0.0001422187602675775
B,H4,two_term_center,controlled_q0.050_phi0.000000000000,12,7,0,12,0,E_state_hartree,0.0015119995862375045
B,H4,two_term_center,controlled_q0.050_phi1.570796326795,12,7,0,12,0,E_state_hartree,0.0006860539338078733
B,H4,two_term_center,controlled_q0.050_phi3.141592653590,12,7,0,12,0,E_state_hartree,0.00017893544360607241
B,H4,two_term_center,controlled_q0.050_phi4.712388980385,12,7,0,12,0,E_state_hartree,0.0006860539338078733
B,H4,two_term_center,rhf,12,7,0,12,0,E_state_hartree,0.003818795798956812
B,H4,yoshida4,cisd,12,7,0,12,0,E_state_hartree,0.007146570000691579
B,H4,yoshida4,controlled_q0.001_phi0.000000000000,12,7,0,12,0,E_state_hartree,0.00811945358097758
B,H4,yoshida4,controlled_q0.001_phi1.570796326795,12,7,6,6,0,mixed,0.00566445428241426
B,H4,yoshida4,controlled_q0.001_phi3.141592653590,12,7,0,12,0,E_state_hartree,0.01004514867101966
B,H4,yoshida4,controlled_q0.001_phi4.712388980385,12,7,0,4,0,mixed,0.005499631275018165
B,H4,yoshida4,controlled_q0.010_phi0.000000000000,12,7,0,12,0,E_state_hartree,0.01896261701956699
B,H4,yoshida4,controlled_q0.010_phi1.570796326795,12,7,2,6,0,mixed,0.018096629602668293
B,H4,yoshida4,controlled_q0.010_phi3.141592653590,12,7,0,12,0,E_state_hartree,0.03821956792041164
B,H4,yoshida4,controlled_q0.010_phi4.712388980385,12,7,0,5,0,mixed,0.018096629602668293
B,H4,yoshida4,controlled_q0.050_phi0.000000000000,12,7,0,12,0,E_state_hartree,0.01448438471200275
B,H4,yoshida4,controlled_q0.050_phi1.570796326795,12,7,0,7,0,E_state_hartree,0.06669126883179319
B,H4,yoshida4,controlled_q0.050_phi3.141592653590,12,7,0,12,0,E_state_hartree,0.11076913921641615
B,H4,yoshida4,controlled_q0.050_phi4.712388980385,12,7,0,8,0,E_state_hartree,0.06669126883179319
B,H4,yoshida4,rhf,12,7,0,12,0,E_state_hartree,0.1693472887165747
C,lambda_1,yoshida4,controlled_q0.001_phi0.000000000000,0,1,0,0,0,mixed,0.0
C,lambda_1,yoshida4,controlled_q0.001_phi1.570796326795,0,1,0,0,0,mixed,0.0
C,lambda_1,yoshida4,controlled_q0.001_phi3.141592653590,0,1,0,0,0,mixed,0.0
C,lambda_1,yoshida4,controlled_q0.001_phi4.712388980385,0,1,0,0,0,mixed,0.0
C,lambda_1,yoshida4,controlled_q0.010_phi0.000000000000,0,1,0,0,0,mixed,0.0
C,lambda_1,yoshida4,controlled_q0.010_phi1.570796326795,0,1,0,0,0,mixed,0.0
C,lambda_1,yoshida4,controlled_q0.010_phi3.141592653590,0,1,0,0,0,mixed,0.0
C,lambda_1,yoshida4,controlled_q0.010_phi4.712388980385,0,1,0,0,0,mixed,0.0
C,lambda_1,yoshida4,controlled_q0.050_phi0.000000000000,0,1,0,0,0,mixed,0.0
C,lambda_1,yoshida4,controlled_q0.050_phi1.570796326795,0,1,0,0,0,mixed,0.0
C,lambda_1,yoshida4,controlled_q0.050_phi3.141592653590,0,1,0,0,0,mixed,0.0
C,lambda_1,yoshida4,controlled_q0.050_phi4.712388980385,0,1,0,0,0,mixed,0.0
C,lambda_1.772983346207417,yoshida4,controlled_q0.001_phi0.000000000000,12,7,0,12,0,E_state_hartree,0.7562450818955095
C,lambda_1.772983346207417,yoshida4,controlled_q0.001_phi1.570796326795,12,7,3,3,0,mixed,0.9621541606578788
C,lambda_1.772983346207417,yoshida4,controlled_q0.001_phi3.141592653590,12,7,0,12,0,E_state_hartree,0.7591024530018297
C,lambda_1.772983346207417,yoshida4,controlled_q0.001_phi4.712388980385,12,7,1,4,0,mixed,0.9621046077322356
C,lambda_1.772983346207417,yoshida4,controlled_q0.010_phi0.000000000000,12,7,0,12,0,E_state_hartree,2.3708708756075683
C,lambda_1.772983346207417,yoshida4,controlled_q0.010_phi1.570796326795,12,7,2,3,0,mixed,3.0288085341676854
C,lambda_1.772983346207417,yoshida4,controlled_q0.010_phi3.141592653590,12,7,0,12,0,E_state_hartree,2.3994445866708016
C,lambda_1.772983346207417,yoshida4,controlled_q0.010_phi4.712388980385,12,7,1,3,0,mixed,3.028759874982198
C,lambda_1.772983346207417,yoshida4,controlled_q0.050_phi0.000000000000,12,7,0,12,0,E_state_hartree,5.153084709573299
C,lambda_1.772983346207417,yoshida4,controlled_q0.050_phi1.570796326795,12,7,3,3,0,mixed,6.634359510576588
C,lambda_1.772983346207417,yoshida4,controlled_q0.050_phi3.141592653590,12,7,0,12,0,E_state_hartree,5.295953264889471
C,lambda_1.772983346207417,yoshida4,controlled_q0.050_phi4.712388980385,12,7,1,3,0,mixed,6.6343148235697225
C,lambda_1.842983346207417,yoshida4,controlled_q0.001_phi0.000000000000,12,7,0,12,0,E_state_hartree,0.9760927580088635
C,lambda_1.842983346207417,yoshida4,controlled_q0.001_phi1.570796326795,12,7,3,3,0,mixed,1.2363743767418471
C,lambda_1.842983346207417,yoshida4,controlled_q0.001_phi3.141592653590,12,7,0,12,0,E_state_hartree,0.9711243115604407
C,lambda_1.842983346207417,yoshida4,controlled_q0.001_phi4.712388980385,12,7,1,4,0,mixed,1.236295760772175
C,lambda_1.842983346207417,yoshida4,controlled_q0.010_phi0.000000000000,12,7,0,12,0,E_state_hartree,3.089762813647927
C,lambda_1.842983346207417,yoshida4,controlled_q0.010_phi1.570796326795,12,7,2,3,0,mixed,3.892022555989502
C,lambda_1.842983346207417,yoshida4,controlled_q0.010_phi3.141592653590,12,7,0,12,0,E_state_hartree,3.0400783491636956
C,lambda_1.842983346207417,yoshida4,controlled_q0.010_phi4.712388980385,12,7,1,3,0,mixed,3.891945357943124
C,lambda_1.842983346207417,yoshida4,controlled_q0.050_phi0.000000000000,12,7,0,12,0,E_state_hartree,6.837702500948108
C,lambda_1.842983346207417,yoshida4,controlled_q0.050_phi1.570796326795,12,7,2,3,0,mixed,8.525150502614744
C,lambda_1.842983346207417,yoshida4,controlled_q0.050_phi3.141592653590,12,7,0,12,0,E_state_hartree,6.589280178526935
C,lambda_1.842983346207417,yoshida4,controlled_q0.050_phi4.712388980385,12,7,1,3,0,mixed,8.525079606449715
C,lambda_1.872983346207417,yoshida4,controlled_q0.001_phi0.000000000000,12,7,0,12,0,E_state_hartree,1.0796359005847176
C,lambda_1.872983346207417,yoshida4,controlled_q0.001_phi1.570796326795,12,7,3,2,0,mixed,1.365181089939415
C,lambda_1.872983346207417,yoshida4,controlled_q0.001_phi3.141592653590,12,7,0,12,0,E_state_hartree,1.0704366827305225
C,lambda_1.872983346207417,yoshida4,controlled_q0.001_phi4.712388980385,12,7,1,4,0,mixed,1.3650864175031896
C,lambda_1.872983346207417,yoshida4,controlled_q0.010_phi0.000000000000,12,7,0,12,0,E_state_hartree,3.430211344520747
C,lambda_1.872983346207417,yoshida4,controlled_q0.010_phi1.570796326795,12,7,2,3,0,mixed,4.297488820592006
C,lambda_1.872983346207417,yoshida4,controlled_q0.010_phi3.141592653590,12,7,0,12,0,E_state_hartree,3.33821916597884
C,lambda_1.872983346207417,yoshida4,controlled_q0.010_phi4.712388980385,12,7,2,3,0,mixed,4.29739585567468
C,lambda_1.872983346207417,yoshida4,controlled_q0.050_phi0.000000000000,12,7,0,12,0,E_state_hartree,7.642864142514346
C,lambda_1.872983346207417,yoshida4,controlled_q0.050_phi1.570796326795,12,7,2,3,0,mixed,9.413285593877939
C,lambda_1.872983346207417,yoshida4,controlled_q0.050_phi3.141592653590,12,7,0,12,0,E_state_hartree,7.182903249804823
C,lambda_1.872983346207417,yoshida4,controlled_q0.050_phi4.712388980385,12,7,2,3,0,mixed,9.413200217933872
C,lambda_1.902983346207417,yoshida4,controlled_q0.001_phi0.000000000000,12,7,0,12,0,E_state_hartree,1.1887430969745305
C,lambda_1.902983346207417,yoshida4,controlled_q0.001_phi1.570796326795,12,7,3,2,0,mixed,1.5006947531204717
C,lambda_1.902983346207417,yoshida4,controlled_q0.001_phi3.141592653590,12,7,0,12,0,E_state_hartree,1.1747460932762215
C,lambda_1.902983346207417,yoshida4,controlled_q0.001_phi4.712388980385,12,7,1,4,0,mixed,1.5005814874514558
C,lambda_1.902983346207417,yoshida4,controlled_q0.010_phi0.000000000000,12,7,0,12,0,E_state_hartree,3.7901181132224644
C,lambda_1.902983346207417,yoshida4,controlled_q0.010_phi1.570796326795,12,7,3,3,0,mixed,4.724065822675009
C,lambda_1.902983346207417,yoshida4,controlled_q0.010_phi3.141592653590,12,7,0,12,0,E_state_hartree,3.6501480762393443
C,lambda_1.902983346207417,yoshida4,controlled_q0.010_phi4.712388980385,12,7,2,3,0,mixed,4.723954599873769
C,lambda_1.902983346207417,yoshida4,controlled_q0.050_phi0.000000000000,12,7,0,12,0,E_state_hartree,8.498613011376529
C,lambda_1.902983346207417,yoshida4,controlled_q0.050_phi1.570796326795,12,7,3,3,0,mixed,10.347660675228273
C,lambda_1.902983346207417,yoshida4,controlled_q0.050_phi3.141592653590,12,7,0,12,0,E_state_hartree,7.798762826460913
C,lambda_1.902983346207417,yoshida4,controlled_q0.050_phi4.712388980385,12,7,2,3,0,mixed,10.347558531839368
C,lambda_1.972983346207417,yoshida4,controlled_q0.001_phi0.000000000000,12,7,0,12,0,E_state_hartree,1.4646959228853995
C,lambda_1.972983346207417,yoshida4,controlled_q0.001_phi1.570796326795,12,7,4,2,0,mixed,1.842536869108184
C,lambda_1.972983346207417,yoshida4,controlled_q0.001_phi3.141592653590,12,7,0,12,0,E_state_hartree,1.4371433632753587
C,lambda_1.972983346207417,yoshida4,controlled_q0.001_phi4.712388980385,12,7,1,4,0,mixed,1.842368725109708
C,lambda_1.972983346207417,yoshida4,controlled_q0.010_phi0.000000000000,12,7,0,12,0,E_state_hartree,4.705259196411851
C,lambda_1.972983346207417,yoshida4,controlled_q0.010_phi1.570796326795,12,7,3,3,0,mixed,5.800125690437006
C,lambda_1.972983346207417,yoshida4,controlled_q0.010_phi3.141592653590,12,7,0,12,0,E_state_hartree,4.4297336003113905
C,lambda_1.972983346207417,yoshida4,controlled_q0.010_phi4.712388980385,12,7,2,3,0,mixed,5.79996057909582
C,lambda_1.972983346207417,yoshida4,controlled_q0.050_phi0.000000000000,12,7,0,12,0,E_state_hartree,10.69359117786045
C,lambda_1.972983346207417,yoshida4,controlled_q0.050_phi1.570796326795,12,7,2,3,0,mixed,12.70465928642178
C,lambda_1.972983346207417,yoshida4,controlled_q0.050_phi3.141592653590,12,7,0,12,0,E_state_hartree,9.31596319735813
C,lambda_1.972983346207417,yoshida4,controlled_q0.050_phi4.712388980385,12,7,3,3,0,mixed,12.704507653557425
