branch_quality,branch_selection_disagrees_with_comparator,degenerate_subspace_projector_overlap_probability,direct_cost,direct_error_hartree,eigenpair_residual_2_norm,ground_state_overlap_probability,maximum_ground_overlap_comparator_id,minimum_selected_phase_gap_radians,peak_cpu_rss_kib,phase_cluster_size,phase_unwrap_integer,previous_branch_overlap_probability,selected_eigenbranch_id,selected_eigenvalue,selected_eigenvalue_magnitude,selection_rule,signed_direct_shift_hartree,time,timing_seconds,unitarity_residual_frobenius,condition,formula,point_role,time_factor,source_signed_direct_shift_hartree,source_reproduction_absolute_difference_hartree,new_direct_truth_coordinate
resolved,False,0.999999990970031,284912830.6890408,1.8207076351229796e-05,9.244079385997507e-15,0.999999990970031,1,0.17774057199953336,968648,1,0,0.999999990970031,1,"{'imag': 0.041980837514889735, 'real': -0.9991184160456351}",0.9999999999999952,maximum exact-ground overlap at saved lower anchor,-1.8207076351229796e-05,0.5721861616352092,"{'backend': 'gpu_component_sector_dense_final_cpu_schur', 'build_seconds': 4.2122564050368965, 'cpu_component_gate_materialization_seconds': 0.3662292854860425, 'cupy_pool_peak_reserved_mib': 262.64892578125, 'gpu_dense_multiply_seconds': 0.12186072720214725, 'gpu_memory': {'maximum_used_mib': 701, 'minimum_used_mib': 20, 'peak_increment_mib': 681, 'physical_gpu_id': 0, 'samples': 6}, 'gpu_transfer_sparse_multiply_seconds': 0.6677111198659986, 'output_transfer_seconds': 0.010457779979333282, 'physical_gpu_id': 0, 'schur': 9.009028078056872, 'total': 14.463944694958627, 'unique_s2_stage_count': 4, 'unitarity': 0.8847662070766091}",7.24293171195271e-12,N2_active_eq_sto3g,current_m3,saved_lower_anchor_recomputation,0.9563208273586452,-1.820707635382499e-05,2.5951937539063497e-15,False
resolved,False,0.9999999997649784,280505860.6234459,2.0866827099436395e-05,5.491055251818396e-15,0.9999999878240589,1,0.1840008647609514,1007216,1,0,0.9999999997649784,1,"{'imag': 0.15350317953441378, 'real': -0.9881481538073211}",0.9999999999999958,maximum previous-selected-vector overlap from saved lower anchor,-2.0866827099436395e-05,0.592337094219133,"{'backend': 'gpu_component_sector_dense_final_cpu_schur', 'build_seconds': 0.8370204498060048, 'cpu_component_gate_materialization_seconds': 0.36459513544104993, 'cupy_pool_peak_reserved_mib': 262.64892578125, 'gpu_dense_multiply_seconds': 0.015820819651708007, 'gpu_memory': {'maximum_used_mib': 701, 'minimum_used_mib': 587, 'peak_increment_mib': 114, 'physical_gpu_id': 0, 'samples': 4}, 'gpu_transfer_sparse_multiply_seconds': 0.43447546078823507, 'output_transfer_seconds': 0.01071301894262433, 'physical_gpu_id': 0, 'schur': 9.081922493176535, 'total': 10.830577387008816, 'unique_s2_stage_count': 4, 'unitarity': 0.8771371350158006}",7.1589047834468845e-12,N2_active_eq_sto3g,current_m3,inserted_exact_time_triplet,0.99,,,True
resolved,False,0.9999999999757936,279399598.0082803,2.1708888669736095e-05,9.573528189442346e-15,0.9999999867150919,6,0.18585969118722898,1007216,1,0,0.9999999999757936,6,"{'imag': 0.18630795279914356, 'real': -0.9824913977861464}",0.9999999999999918,maximum previous-selected-vector overlap from saved lower anchor,-2.1708888669736095e-05,0.5983202971910435,"{'backend': 'gpu_component_sector_dense_final_cpu_schur', 'build_seconds': 0.8560969259124249, 'cpu_component_gate_materialization_seconds': 0.37350228941068053, 'cupy_pool_peak_reserved_mib': 262.64892578125, 'gpu_dense_multiply_seconds': 0.015861419029533863, 'gpu_memory': {'maximum_used_mib': 701, 'minimum_used_mib': 587, 'peak_increment_mib': 114, 'physical_gpu_id': 0, 'samples': 4}, 'gpu_transfer_sparse_multiply_seconds': 0.441505616530776, 'output_transfer_seconds': 0.010899178916588426, 'physical_gpu_id': 0, 'schur': 9.065078587969765, 'total': 10.834461502032354, 'unique_s2_stage_count': 4, 'unitarity': 0.8774349228478968}",7.347416424211288e-12,N2_active_eq_sto3g,current_m3,inserted_exact_time_triplet,1.0,,,True
resolved,False,0.9999999999740061,278386327.5736235,2.2575709187267146e-05,5.935258144748955e-15,0.9999999855151889,2,0.18771852919080062,1007224,1,0,0.9999999999740061,2,"{'imag': 0.21890629295743796, 'real': -0.9757458864395074}",0.9999999999999939,maximum previous-selected-vector overlap from saved lower anchor,-2.2575709187267146e-05,0.604303500162954,"{'backend': 'gpu_component_sector_dense_final_cpu_schur', 'build_seconds': 0.8595061718951911, 'cpu_component_gate_materialization_seconds': 0.37366973189637065, 'cupy_pool_peak_reserved_mib': 262.64892578125, 'gpu_dense_multiply_seconds': 0.015808070078492165, 'gpu_memory': {'maximum_used_mib': 701, 'minimum_used_mib': 587, 'peak_increment_mib': 114, 'physical_gpu_id': 0, 'samples': 4}, 'gpu_transfer_sparse_multiply_seconds': 0.4463330111466348, 'output_transfer_seconds': 0.010853559011593461, 'physical_gpu_id': 0, 'schur': 9.054551977198571, 'total': 10.824925063177943, 'unique_s2_stage_count': 4, 'unitarity': 0.8765180150512606}",7.476586317174667e-12,N2_active_eq_sto3g,current_m3,inserted_exact_time_triplet,1.01,,,True
resolved,False,0.9999999957876051,185923483.44910645,7.6298376182411e-06,1.4041531509230305e-14,0.9999999957876051,19,0.031898193772267734,1008536,1,0,0.9999999957876051,19,"{'imag': 0.06077694163387249, 'real': -0.9981513729718124}",0.9999999999999407,maximum exact-ground overlap at saved lower anchor,-7.6298376182411e-06,0.806176425611238,"{'backend': 'gpu_component_sector_dense_final_cpu_schur', 'build_seconds': 0.8738588658161461, 'cpu_component_gate_materialization_seconds': 0.3796915295533836, 'cupy_pool_peak_reserved_mib': 262.64892578125, 'gpu_dense_multiply_seconds': 0.01574394037015736, 'gpu_memory': {'maximum_used_mib': 701, 'minimum_used_mib': 587, 'peak_increment_mib': 114, 'physical_gpu_id': 0, 'samples': 4}, 'gpu_transfer_sparse_multiply_seconds': 0.4561570619698614, 'output_transfer_seconds': 0.010576741071417928, 'physical_gpu_id': 0, 'schur': 8.954426851123571, 'total': 10.730107343988493, 'unique_s2_stage_count': 4, 'unitarity': 0.8785048259887844}",7.589158771088316e-12,N2_active_stretch150_sto3g,current_m3,saved_lower_anchor_recomputation,0.9708775831444778,-7.629837623827291e-06,5.586190757471583e-15,False
resolved,False,0.9999999999683333,183065053.36917353,8.237196135521127e-06,1.0339332084324124e-14,0.9999999950270482,17,0.03252669041934374,1008548,1,0,0.9999999999683333,17,"{'imag': 0.12357288987016074, 'real': -0.992335498150199}",0.9999999999999332,maximum previous-selected-vector overlap from saved lower anchor,-8.237196135521127e-06,0.8220548864360349,"{'backend': 'gpu_component_sector_dense_final_cpu_schur', 'build_seconds': 0.8493986749090254, 'cpu_component_gate_materialization_seconds': 0.364662345033139, 'cupy_pool_peak_reserved_mib': 262.64892578125, 'gpu_dense_multiply_seconds': 0.015681402292102575, 'gpu_memory': {'maximum_used_mib': 701, 'minimum_used_mib': 587, 'peak_increment_mib': 114, 'physical_gpu_id': 0, 'samples': 4}, 'gpu_transfer_sparse_multiply_seconds': 0.4443333756644279, 'output_transfer_seconds': 0.01330218999646604, 'physical_gpu_id': 0, 'schur': 8.82727955118753, 'total': 10.583502334076911, 'unique_s2_stage_count': 4, 'unitarity': 0.8728936349507421}",7.522788379525806e-12,N2_active_stretch150_sto3g,current_m3,inserted_exact_time_triplet,0.99,,,True
resolved,False,0.9999999999904152,181632703.25691193,8.568591745727244e-06,1.3628965377566166e-14,0.9999999945817672,19,0.03285536938876463,1008552,1,0,0.9999999999904152,19,"{'imag': 0.15623186769871747, 'real': -0.9877204075624045}",0.999999999999936,maximum previous-selected-vector overlap from saved lower anchor,-8.568591745727244e-06,0.8303584711475099,"{'backend': 'gpu_component_sector_dense_final_cpu_schur', 'build_seconds': 0.8455545378383249, 'cpu_component_gate_materialization_seconds': 0.361836469033733, 'cupy_pool_peak_reserved_mib': 262.64892578125, 'gpu_dense_multiply_seconds': 0.015763860661536455, 'gpu_memory': {'maximum_used_mib': 701, 'minimum_used_mib': 587, 'peak_increment_mib': 114, 'physical_gpu_id': 0, 'samples': 4}, 'gpu_transfer_sparse_multiply_seconds': 0.4459943550173193, 'output_transfer_seconds': 0.010542989941313863, 'physical_gpu_id': 0, 'schur': 8.855176775017753, 'total': 10.61344526684843, 'unique_s2_stage_count': 4, 'unitarity': 0.8767682579346001}",7.609996546863851e-12,N2_active_stretch150_sto3g,current_m3,inserted_exact_time_triplet,1.0,,,True
resolved,False,0.9999999999897313,180242059.843899,8.90967578038864e-06,1.1188869724564927e-14,0.9999999941006275,22,0.033184054692431686,1008644,1,0,0.9999999999897313,22,"{'imag': 0.18872089302907588, 'real': -0.9820307655741645}",0.9999999999999357,maximum previous-selected-vector overlap from saved lower anchor,-8.90967578038864e-06,0.838662055858985,"{'backend': 'gpu_component_sector_dense_final_cpu_schur', 'build_seconds': 0.8604398099705577, 'cpu_component_gate_materialization_seconds': 0.37222133483737707, 'cupy_pool_peak_reserved_mib': 262.64892578125, 'gpu_dense_multiply_seconds': 0.015758111840113997, 'gpu_memory': {'maximum_used_mib': 701, 'minimum_used_mib': 587, 'peak_increment_mib': 114, 'physical_gpu_id': 0, 'samples': 4}, 'gpu_transfer_sparse_multiply_seconds': 0.4471273629460484, 'output_transfer_seconds': 0.010549829807132483, 'physical_gpu_id': 0, 'schur': 8.883869137149304, 'total': 10.652583714807406, 'unique_s2_stage_count': 4, 'unitarity': 0.8739577368833125}",7.630386897164894e-12,N2_active_stretch150_sto3g,current_m3,inserted_exact_time_triplet,1.01,,,True
resolved,False,0.9999999892661711,543095969.0145082,1.7153767677641613e-05,1.1782256179661145e-14,0.9999999892661711,9,0.1978083547586001,1008780,1,0,0.9999999892661711,9,"{'imag': 0.32426378204063777, 'real': -0.9459667011351528}",0.9999999999999108,maximum exact-ground overlap at saved lower anchor,-1.7153767677641613e-05,0.5894372011255475,"{'backend': 'gpu_component_sector_dense_final_cpu_schur', 'build_seconds': 1.1979211871512234, 'cpu_component_gate_materialization_seconds': 0.5557249952107668, 'cupy_pool_peak_reserved_mib': 262.64892578125, 'gpu_dense_multiply_seconds': 0.015704361721873283, 'gpu_memory': {'maximum_used_mib': 701, 'minimum_used_mib': 587, 'peak_increment_mib': 114, 'physical_gpu_id': 0, 'samples': 5}, 'gpu_transfer_sparse_multiply_seconds': 0.6003444637171924, 'output_transfer_seconds': 0.010486539918929338, 'physical_gpu_id': 0, 'schur': 8.882802562089637, 'total': 10.976107162889093, 'unique_s2_stage_count': 4, 'unitarity': 0.8726640189997852}",9.2077362273854e-12,CO_active_eq_sto3g,current_m3,saved_lower_anchor_recomputation,0.9619567285176652,-1.704962647115975e-05,1.0414120648186197e-07,False
resolved,False,0.9999999998042135,535454523.9734022,1.921004618091456e-05,1.1321149670700609e-14,0.9999999861811286,11,0.20357518768859822,1008780,1,0,0.9999999998042135,11,"{'imag': 0.4181850828975078, 'real': -0.9083618422422922}",0.9999999999999032,maximum previous-selected-vector overlap from saved lower anchor,-1.921004618091456e-05,0.6066206637106296,"{'backend': 'gpu_component_sector_dense_final_cpu_schur', 'build_seconds': 1.1776952429208905, 'cpu_component_gate_materialization_seconds': 0.5428345114924014, 'cupy_pool_peak_reserved_mib': 262.64892578125, 'gpu_dense_multiply_seconds': 0.015688640996813774, 'gpu_memory': {'maximum_used_mib': 701, 'minimum_used_mib': 587, 'peak_increment_mib': 114, 'physical_gpu_id': 0, 'samples': 5}, 'gpu_transfer_sparse_multiply_seconds': 0.5957838618196547, 'output_transfer_seconds': 0.010576511034741998, 'physical_gpu_id': 0, 'schur': 8.896913826931268, 'total': 10.983816719148308, 'unique_s2_stage_count': 4, 'unitarity': 0.87410654197447}",9.07242408375846e-12,CO_active_eq_sto3g,current_m3,inserted_exact_time_triplet,0.99,,,True
resolved,False,0.9999999999712412,533049026.39082205,1.9985413741073726e-05,7.569420722208753e-15,0.9999999848967268,8,0.2056316018399173,1008780,1,0,0.9999999999712412,8,"{'imag': 0.45069002241008205, 'real': -0.8926805160301141}",0.9999999999998955,maximum previous-selected-vector overlap from saved lower anchor,-1.9985413741073726e-05,0.6127481451622522,"{'backend': 'gpu_component_sector_dense_final_cpu_schur', 'build_seconds': 1.2027466502040625, 'cpu_component_gate_materialization_seconds': 0.5499462885782123, 'cupy_pool_peak_reserved_mib': 262.64892578125, 'gpu_dense_multiply_seconds': 0.015743090771138668, 'gpu_memory': {'maximum_used_mib': 701, 'minimum_used_mib': 587, 'peak_increment_mib': 114, 'physical_gpu_id': 0, 'samples': 5}, 'gpu_transfer_sparse_multiply_seconds': 0.6132119074463844, 'output_transfer_seconds': 0.01105127902701497, 'physical_gpu_id': 0, 'schur': 8.774294787086546, 'total': 10.890185351017863, 'unique_s2_stage_count': 4, 'unitarity': 0.8777522949967533}",9.189282897116494e-12,CO_active_eq_sto3g,current_m3,inserted_exact_time_triplet,1.0,,,True
resolved,False,0.9999999999689393,530811141.26884794,2.0783578604884634e-05,8.341823061245774e-15,0.999999983502616,10,0.20768802091778324,1008780,1,0,0.9999999999689393,10,"{'imag': 0.48260797007684014, 'real': -0.8758364842926478}",0.9999999999998969,maximum previous-selected-vector overlap from saved lower anchor,-2.0783578604884634e-05,0.6188756266138747,"{'backend': 'gpu_component_sector_dense_final_cpu_schur', 'build_seconds': 1.2400916619226336, 'cpu_component_gate_materialization_seconds': 0.5512858892325312, 'cupy_pool_peak_reserved_mib': 262.64892578125, 'gpu_dense_multiply_seconds': 0.0157500512432307, 'gpu_memory': {'maximum_used_mib': 701, 'minimum_used_mib': 473, 'peak_increment_mib': 228, 'physical_gpu_id': 0, 'samples': 6}, 'gpu_transfer_sparse_multiply_seconds': 0.60678741033189, 'output_transfer_seconds': 0.010881879832595587, 'physical_gpu_id': 0, 'schur': 8.909907459048554, 'total': 11.059983093990013, 'unique_s2_stage_count': 4, 'unitarity': 0.8751811720430851}",9.203578930101858e-12,CO_active_eq_sto3g,current_m3,inserted_exact_time_triplet,1.01,,,True
resolved,False,0.999999952196205,365031363.15141267,1.4592837922424155e-05,2.4389688830197766e-14,0.999999952196205,121,0.05707621162297559,1008800,1,0,0.999999952196205,121,"{'imag': 0.6680602091129084, 'real': -0.744107221440497}",0.9999999999999399,maximum exact-ground overlap at saved lower anchor,-1.4592837922424155e-05,0.8563682148339049,"{'backend': 'gpu_component_sector_dense_final_cpu_schur', 'build_seconds': 1.1561567329335958, 'cpu_component_gate_materialization_seconds': 0.5363376955501735, 'cupy_pool_peak_reserved_mib': 262.64892578125, 'gpu_dense_multiply_seconds': 0.01567068393342197, 'gpu_memory': {'maximum_used_mib': 701, 'minimum_used_mib': 587, 'peak_increment_mib': 114, 'physical_gpu_id': 0, 'samples': 5}, 'gpu_transfer_sparse_multiply_seconds': 0.5781691847369075, 'output_transfer_seconds': 0.0107168301474303, 'physical_gpu_id': 0, 'schur': 9.322881346801296, 'total': 11.378715198952705, 'unique_s2_stage_count': 4, 'unitarity': 0.8759295560885221}",9.886583680065354e-12,CO_active_stretch150_sto3g,current_m3,saved_lower_anchor_recomputation,0.9897167092212595,-1.4592837929035659e-05,6.61150381133218e-15,False
resolved,False,0.9999999999990754,364968276.0500403,1.46092466107807e-05,2.8205796799578092e-14,0.9999999520150288,168,0.05709255199835908,1008800,1,0,0.9999999999990754,168,"{'imag': 0.6688847558018791, 'real': -0.7433661166987348}",0.9999999999999482,maximum previous-selected-vector overlap from saved lower anchor,-1.46092466107807e-05,0.8566133367119216,"{'backend': 'gpu_component_sector_dense_final_cpu_schur', 'build_seconds': 1.1628822879865766, 'cpu_component_gate_materialization_seconds': 0.5320462712552398, 'cupy_pool_peak_reserved_mib': 262.64892578125, 'gpu_dense_multiply_seconds': 0.01569393347017467, 'gpu_memory': {'maximum_used_mib': 701, 'minimum_used_mib': 587, 'peak_increment_mib': 114, 'physical_gpu_id': 0, 'samples': 5}, 'gpu_transfer_sparse_multiply_seconds': 0.5892111847642809, 'output_transfer_seconds': 0.01077277003787458, 'physical_gpu_id': 0, 'schur': 9.337592191062868, 'total': 11.411634303163737, 'unique_s2_stage_count': 4, 'unitarity': 0.8738424009643495}",9.868248508816407e-12,CO_active_stretch150_sto3g,current_m3,inserted_exact_time_triplet,0.99,,,True
resolved,False,0.9999999981925838,362791668.83297205,1.5196991115556401e-05,2.3683860781360743e-14,0.9999999411606657,135,0.05766936171373532,1008800,1,0,0.9999999981925838,135,"{'imag': 0.697456709334116, 'real': -0.7166269173040797}",0.9999999999999609,maximum previous-selected-vector overlap from saved lower anchor,-1.5196991115556401e-05,0.8652659966787087,"{'backend': 'gpu_component_sector_dense_final_cpu_schur', 'build_seconds': 1.1553617450408638, 'cpu_component_gate_materialization_seconds': 0.5291101385373622, 'cupy_pool_peak_reserved_mib': 262.64892578125, 'gpu_dense_multiply_seconds': 0.01572451088577509, 'gpu_memory': {'maximum_used_mib': 701, 'minimum_used_mib': 587, 'peak_increment_mib': 114, 'physical_gpu_id': 0, 'samples': 5}, 'gpu_transfer_sparse_multiply_seconds': 0.5868822713382542, 'output_transfer_seconds': 0.01112876902334392, 'physical_gpu_id': 0, 'schur': 9.15605338406749, 'total': 11.221490394091234, 'unique_s2_stage_count': 4, 'unitarity': 0.8749935140367597}",9.757343303662748e-12,CO_active_stretch150_sto3g,current_m3,inserted_exact_time_triplet,1.0,,,True
resolved,False,0.9999999919683507,360710395.85494107,1.5800773258536816e-05,2.2618398895140204e-14,0.9999999068569791,112,0.058246180371525055,1008800,1,0,0.9999999919683507,112,"{'imag': 0.7249606352529365, 'real': -0.6887902999705988}",0.9999999999999644,maximum previous-selected-vector overlap from saved lower anchor,-1.5800773258536816e-05,0.8739186566454958,"{'backend': 'gpu_component_sector_dense_final_cpu_schur', 'build_seconds': 1.170170780038461, 'cpu_component_gate_materialization_seconds': 0.5337459878064692, 'cupy_pool_peak_reserved_mib': 262.64892578125, 'gpu_dense_multiply_seconds': 0.015684952959418297, 'gpu_memory': {'maximum_used_mib': 701, 'minimum_used_mib': 587, 'peak_increment_mib': 114, 'physical_gpu_id': 0, 'samples': 5}, 'gpu_transfer_sparse_multiply_seconds': 0.5967987584881485, 'output_transfer_seconds': 0.01128142885863781, 'physical_gpu_id': 0, 'schur': 9.253615488065407, 'total': 11.334740736987442, 'unique_s2_stage_count': 4, 'unitarity': 0.875488098943606}",9.73531080510907e-12,CO_active_stretch150_sto3g,current_m3,inserted_exact_time_triplet,1.01,,,True
resolved,False,0.9999999280960985,471813829.28294617,1.940577235415453e-06,6.015014617142192e-15,0.9999999280960985,8,0.08274908735858053,1008800,1,0,0.9999999280960985,8,"{'imag': 0.6550147550669252, 'real': 0.7556160868089566}",0.9999999999999324,maximum exact-ground overlap at saved lower anchor,-1.940577235415453e-06,0.14715507960862567,"{'backend': 'gpu_component_sector_dense_final_cpu_schur', 'build_seconds': 0.2925660579930991, 'cpu_component_gate_materialization_seconds': 0.10439801216125488, 'cupy_pool_peak_reserved_mib': 0.04736328125, 'gpu_dense_multiply_seconds': 0.0008719663601368666, 'gpu_memory': {'maximum_used_mib': 435, 'minimum_used_mib': 435, 'peak_increment_mib': 0, 'physical_gpu_id': 0, 'samples': 2}, 'gpu_transfer_sparse_multiply_seconds': 0.17896752269007266, 'output_transfer_seconds': 4.516984336078167e-05, 'physical_gpu_id': 0, 'schur': 0.0003123888745903969, 'total': 0.2932842238806188, 'unique_s2_stage_count': 4, 'unitarity': 5.430006422102451e-05}",5.227595160136532e-13,HF_full_eq_sto3g,current_m3,saved_lower_anchor_recomputation,0.9884692219723377,-1.940577235415453e-06,0.0,False
resolved,False,0.9999999999999276,471107605.2496157,1.948367412071329e-06,5.8915738072045125e-15,0.999999927978924,8,0.08287723649082133,1008800,1,0,0.9999999999999276,8,"{'imag': 0.6484737988842766, 'real': 0.7612369750350158}",0.9999999999999332,maximum previous-selected-vector overlap from saved lower anchor,-1.948367412071329e-06,0.14738296911445603,"{'backend': 'gpu_component_sector_dense_final_cpu_schur', 'build_seconds': 0.2891426698770374, 'cpu_component_gate_materialization_seconds': 0.10668584355153143, 'cupy_pool_peak_reserved_mib': 0.04736328125, 'gpu_dense_multiply_seconds': 0.0007048591505736113, 'gpu_memory': {'maximum_used_mib': 435, 'minimum_used_mib': 435, 'peak_increment_mib': 0, 'physical_gpu_id': 0, 'samples': 2}, 'gpu_transfer_sparse_multiply_seconds': 0.1770116318948567, 'output_transfer_seconds': 5.580997094511986e-05, 'physical_gpu_id': 0, 'schur': 0.0003766280133277178, 'total': 0.29000646714121103, 'unique_s2_stage_count': 4, 'unitarity': 4.99398447573185e-05}",5.319909486880952e-13,HF_full_eq_sto3g,current_m3,inserted_exact_time_triplet,0.99,,,True
resolved,False,0.9999999999960436,466549222.40975195,1.9998854262236836e-06,6.172000395702862e-15,0.9999999270523274,8,0.08371438697186832,1008800,1,0,0.9999999999960436,8,"{'imag': 0.6045798906154987, 'real': 0.7965445096560536}",0.9999999999999256,maximum previous-selected-vector overlap from saved lower anchor,-1.9998854262236836e-06,0.148871685974198,"{'backend': 'gpu_component_sector_dense_final_cpu_schur', 'build_seconds': 0.28354423004202545, 'cpu_component_gate_materialization_seconds': 0.10477704810909927, 'cupy_pool_peak_reserved_mib': 0.04736328125, 'gpu_dense_multiply_seconds': 0.0007038670592010021, 'gpu_memory': {'maximum_used_mib': 435, 'minimum_used_mib': 435, 'peak_increment_mib': 0, 'physical_gpu_id': 0, 'samples': 2}, 'gpu_transfer_sparse_multiply_seconds': 0.17329766089096665, 'output_transfer_seconds': 4.654913209378719e-05, 'physical_gpu_id': 0, 'schur': 0.00034601916559040546, 'total': 0.28427574783563614, 'unique_s2_stage_count': 4, 'unitarity': 4.00301069021225e-05}",5.098659486711944e-13,HF_full_eq_sto3g,current_m3,inserted_exact_time_triplet,1.0,,,True
resolved,False,0.9999999999940579,462084158.7976045,2.0524094868036995e-06,5.688906149584322e-15,0.9999999258511958,8,0.08455153771532802,1008800,1,0,0.9999999999940579,8,"{'imag': 0.5587674704295984, 'real': 0.8293243719978166}",0.9999999999999325,maximum previous-selected-vector overlap from saved lower anchor,-2.0524094868036995e-06,0.15036040283393998,"{'backend': 'gpu_component_sector_dense_final_cpu_schur', 'build_seconds': 0.28350013005547225, 'cpu_component_gate_materialization_seconds': 0.10508285323157907, 'cupy_pool_peak_reserved_mib': 0.04736328125, 'gpu_dense_multiply_seconds': 0.0006795471999794245, 'gpu_memory': {'maximum_used_mib': 435, 'minimum_used_mib': 435, 'peak_increment_mib': 0, 'physical_gpu_id': 0, 'samples': 2}, 'gpu_transfer_sparse_multiply_seconds': 0.17319198488257825, 'output_transfer_seconds': 4.429998807609081e-05, 'physical_gpu_id': 0, 'schur': 0.000345068983733654, 'total': 0.28420604695566, 'unique_s2_stage_count': 4, 'unitarity': 3.96601390093565e-05}",5.303126537258379e-13,HF_full_eq_sto3g,current_m3,inserted_exact_time_triplet,1.01,,,True
resolved,False,0.9999998192383737,342599870.7654936,7.220866958030446e-07,5.226841388896009e-15,0.9999998192383737,9,0.035230889042509025,1008800,1,0,0.9999998192383737,9,"{'imag': -0.9365583720494867, 'real': 0.35051164851388716}",0.9999999999999537,maximum exact-ground overlap at saved lower anchor,-7.220866958030446e-07,0.20109906745049325,"{'backend': 'gpu_component_sector_dense_final_cpu_schur', 'build_seconds': 0.28524580504745245, 'cpu_component_gate_materialization_seconds': 0.10519069293513894, 'cupy_pool_peak_reserved_mib': 0.04736328125, 'gpu_dense_multiply_seconds': 0.0006937291473150253, 'gpu_memory': {'maximum_used_mib': 435, 'minimum_used_mib': 435, 'peak_increment_mib': 0, 'physical_gpu_id': 0, 'samples': 2}, 'gpu_transfer_sparse_multiply_seconds': 0.17459947685711086, 'output_transfer_seconds': 4.558986984193325e-05, 'physical_gpu_id': 0, 'schur': 0.00035400898195803165, 'total': 0.2859759421553463, 'unique_s2_stage_count': 4, 'unitarity': 3.9980048313736916e-05}",4.587186743851433e-13,HF_full_stretch150_sto3g,current_m3,saved_lower_anchor_recomputation,0.9761870435801787,-7.220866958030446e-07,0.0,False
resolved,False,0.999999996361191,337600533.8929112,6.190762414550521e-07,4.483968217239018e-15,0.9999997645037754,9,0.03572938221708432,1008800,1,0,0.999999996361191,9,"{'imag': -0.9684028116407793, 'real': 0.249391247653456}",0.9999999999999571,maximum previous-selected-vector overlap from saved lower anchor,-6.190762414550521e-07,0.20394460066364967,"{'backend': 'gpu_component_sector_dense_final_cpu_schur', 'build_seconds': 0.28630892001092434, 'cpu_component_gate_materialization_seconds': 0.10574239399284124, 'cupy_pool_peak_reserved_mib': 0.04736328125, 'gpu_dense_multiply_seconds': 0.0006770668551325798, 'gpu_memory': {'maximum_used_mib': 435, 'minimum_used_mib': 435, 'peak_increment_mib': 0, 'physical_gpu_id': 0, 'samples': 2}, 'gpu_transfer_sparse_multiply_seconds': 0.17508304747752845, 'output_transfer_seconds': 4.4149113819003105e-05, 'physical_gpu_id': 0, 'schur': 0.0003331888001412153, 'total': 0.2869925380218774, 'unique_s2_stage_count': 4, 'unitarity': 3.985990770161152e-05}",4.598246331349345e-13,HF_full_stretch150_sto3g,current_m3,inserted_exact_time_triplet,0.99,,,True
resolved,False,0.9999999970824904,334003547.0930502,5.140509990558424e-07,4.298790738423877e-15,0.9999997092903141,9,0.03609026381172218,1008800,1,0,0.9999999970824904,9,"{'imag': -0.9846804635160279, 'real': 0.17436853147793227}",0.9999999999999551,maximum previous-selected-vector overlap from saved lower anchor,-5.140509990558424e-07,0.20600464713499966,"{'backend': 'gpu_component_sector_dense_final_cpu_schur', 'build_seconds': 0.28701758780516684, 'cpu_component_gate_materialization_seconds': 0.10617494978941977, 'cupy_pool_peak_reserved_mib': 0.04736328125, 'gpu_dense_multiply_seconds': 0.0006725788116455078, 'gpu_memory': {'maximum_used_mib': 435, 'minimum_used_mib': 435, 'peak_increment_mib': 0, 'physical_gpu_id': 0, 'samples': 2}, 'gpu_transfer_sparse_multiply_seconds': 0.1756160450167954, 'output_transfer_seconds': 4.496006295084953e-05, 'physical_gpu_id': 0, 'schur': 0.0003307692240923643, 'total': 0.2877080349717289, 'unique_s2_stage_count': 4, 'unitarity': 4.036980681121349e-05}",4.695897960787495e-13,HF_full_stretch150_sto3g,current_m3,inserted_exact_time_triplet,1.0,,,True
resolved,False,0.9999999956680212,330405032.3028807,3.7388552808571375e-07,4.229194909883486e-15,0.9999996340938037,9,0.03645113779014446,1008800,1,0,0.9999999956680212,9,"{'imag': -0.995155028432047, 'real': 0.09831820475535846}",0.9999999999999524,maximum previous-selected-vector overlap from saved lower anchor,-3.7388552808571375e-07,0.20806469360634966,"{'backend': 'gpu_component_sector_dense_final_cpu_schur', 'build_seconds': 0.2874432660173625, 'cpu_component_gate_materialization_seconds': 0.10573649825528264, 'cupy_pool_peak_reserved_mib': 0.04736328125, 'gpu_dense_multiply_seconds': 0.0006716386415064335, 'gpu_memory': {'maximum_used_mib': 435, 'minimum_used_mib': 435, 'peak_increment_mib': 0, 'physical_gpu_id': 0, 'samples': 2}, 'gpu_transfer_sparse_multiply_seconds': 0.17638543294742703, 'output_transfer_seconds': 4.3560052290558815e-05, 'physical_gpu_id': 0, 'schur': 0.0003412680234760046, 'total': 0.2881500939838588, 'unique_s2_stage_count': 4, 'unitarity': 4.039914347231388e-05}",4.640561971602717e-13,HF_full_stretch150_sto3g,current_m3,inserted_exact_time_triplet,1.01,,,True
