system,pf,time,relative_time,backend,algorithm,precision,batch_size,K,status,signed_shift_hartree,error_hartree,cost,residual,seconds,peak_cpu_rss_kib,peak_gpu_delta_mib
H4,4th(m5_best),1.2504107285391848,0.5,cpu_dense,sequential_pf_construction_scipy_schur,complex128,,,complete,-2.5306413347081502e-06,2.5306413347081502e-06,24452689.85966875,2.2043252363282305e-15,0.023813659965526313,476448,
H4,4th(m5_best),1.7505750199548586,0.7,cpu_dense,sequential_pf_construction_scipy_schur,complex128,,,complete,-8.681090244655465e-06,8.681090244655465e-06,18179146.942234367,3.271343997419757e-15,0.023669101006817073,476448,
H4,4th(m5_best),2.5008214570783696,1.0,cpu_dense,sequential_pf_construction_scipy_schur,complex128,,,complete,-1.6203881588516822e-05,1.6203881588516822e-05,13394117.160574012,7.984259612952086e-15,0.023748032050207257,476448,
H4,4th(m5_best),1.2504107285391848,0.5,cpu_dense,palindromic_s2_stage_reuse_scipy_schur,complex128,,,complete,-2.5306413347081502e-06,2.5306413347081502e-06,24452689.85966875,2.2043252363282305e-15,0.013847918016836047,476448,
H4,4th(m5_best),1.7505750199548586,0.7,cpu_dense,palindromic_s2_stage_reuse_scipy_schur,complex128,,,complete,-8.681090244655465e-06,8.681090244655465e-06,18179146.942234367,3.271343997419757e-15,0.013897707045543939,476448,
H4,4th(m5_best),2.5008214570783696,1.0,cpu_dense,palindromic_s2_stage_reuse_scipy_schur,complex128,,,complete,-1.6203881588516822e-05,1.6203881588516822e-05,13394117.160574012,7.984259612952086e-15,0.013975416019093245,476448,
H4,4th(m5_best),1.2504107285391848,0.5,gpu_matrix_free,aer_overlap_moments_unitary_krylov_ritz,complex128/double,,8,complete,-2.5306318414131113e-06,2.5306318414131113e-06,24452688.379483074,6.754122881872078e-06,170.25252414203715,1097532,0
H4,4th(m5_best),1.2504107285391848,0.5,gpu_matrix_free,aer_overlap_moments_unitary_krylov_ritz,complex128/double,,16,complete,-2.530641660891675e-06,2.530641660891675e-06,24452689.910526983,8.840797528142527e-07,170.25252414203715,1097532,0
H4,4th(m5_best),1.2504107285391848,0.5,gpu_matrix_free,aer_overlap_moments_unitary_krylov_ritz,complex128/double,,32,complete,-2.5306418649506668e-06,2.5306418649506668e-06,24452689.94234367,2.9950963321688443e-07,170.25252414203715,1097532,0
H4,4th(m5_best),1.2504107285391848,0.5,gpu_matrix_free,aer_overlap_moments_unitary_krylov_ritz,complex128/double,,64,complete,-2.5306419026982496e-06,2.5306419026982496e-06,24452689.948229242,1.1920928955078125e-07,170.25252414203715,1097532,0
H4,4th(m5_best),1.2504107285391848,0.5,gpu_matrix_free,aer_overlap_moments_unitary_krylov_ritz,complex128/double,,96,complete,-2.530641901365982e-06,2.530641901365982e-06,24452689.948021516,1.3493575361575808e-07,170.25252414203715,1097532,0
H4,4th(m5_best),1.2504107285391848,0.5,gpu_matrix_free,aer_overlap_moments_unitary_krylov_ritz,complex128/double,,8,complete,-2.530641909137543e-06,2.530641909137543e-06,24452689.94923325,6.322027276634105e-07,170.25252414203715,1097532,0
H4,4th(m5_best),1.2504107285391848,0.5,gpu_matrix_free,aer_overlap_moments_unitary_krylov_ritz,complex128/double,,16,complete,-2.5306418667270236e-06,2.5306418667270236e-06,24452689.94262064,2.908590629092326e-07,170.25252414203715,1097532,0
H4,4th(m5_best),1.2504107285391848,0.5,gpu_matrix_free,aer_overlap_moments_unitary_krylov_ritz,complex128/double,,32,complete,-2.530642196463262e-06,2.530642196463262e-06,24452689.994032808,1.1213556963294261e-06,170.25252414203715,1097532,0
H4,4th(m5_best),1.2504107285391848,0.5,gpu_matrix_free,aer_overlap_moments_unitary_krylov_ritz,complex128/double,,64,complete,-2.5306421431725568e-06,2.5306421431725568e-06,24452689.98572377,2.6478822566558336e-06,170.25252414203715,1097532,0
H4,4th(m5_best),1.2504107285391848,0.5,gpu_matrix_free,aer_overlap_moments_unitary_krylov_ritz,complex128/double,,96,complete,-2.530642158715679e-06,2.530642158715679e-06,24452689.98814724,3.249341620110948e-06,170.25252414203715,1097532,0
H4,4th(m5_best),1.2504107285391848,0.5,gpu_matrix_free,aer_overlap_moments_unitary_krylov_ritz,complex128/double,,8,complete,-2.53064204014386e-06,2.53064204014386e-06,24452689.969659634,6.731961368367981e-07,170.25252414203715,1097532,0
H4,4th(m5_best),1.2504107285391848,0.5,gpu_matrix_free,aer_overlap_moments_unitary_krylov_ritz,complex128/double,,16,complete,-2.5306419566550886e-06,2.5306419566550886e-06,24452689.95664214,4.640940279483031e-07,170.25252414203715,1097532,0
H4,4th(m5_best),1.2504107285391848,0.5,gpu_matrix_free,aer_overlap_moments_unitary_krylov_ritz,complex128/double,,32,complete,-2.5306419049186957e-06,2.5306419049186957e-06,24452689.94857545,4.546685904977428e-07,170.25252414203715,1097532,0
H4,4th(m5_best),1.2504107285391848,0.5,gpu_matrix_free,aer_overlap_moments_unitary_krylov_ritz,complex128/double,,64,complete,-2.5306419151327475e-06,2.5306419151327475e-06,24452689.950168014,4.840010931763564e-07,170.25252414203715,1097532,0
H4,4th(m5_best),1.2504107285391848,0.5,gpu_matrix_free,aer_overlap_moments_unitary_krylov_ritz,complex128/double,,96,complete,-2.530641869391559e-06,2.530641869391559e-06,24452689.94303609,4.482748793509997e-07,170.25252414203715,1097532,0
H4,4th(m5_best),1.7505750199548586,0.7,gpu_matrix_free,aer_overlap_moments_unitary_krylov_ritz,complex128/double,,8,complete,-8.681086306250307e-06,8.681086306250307e-06,18179146.467072718,1.2873430441488639e-05,169.04069785197498,1097532,0
H4,4th(m5_best),1.7505750199548586,0.7,gpu_matrix_free,aer_overlap_moments_unitary_krylov_ritz,complex128/double,,16,complete,-8.68108976170845e-06,8.68108976170845e-06,18179146.88396766,1.7977990069217291e-06,169.04069785197498,1097532,0
H4,4th(m5_best),1.7505750199548586,0.7,gpu_matrix_free,aer_overlap_moments_unitary_krylov_ritz,complex128/double,,32,complete,-8.681090521545087e-06,8.681090521545087e-06,18179146.975640614,6.723710401462601e-07,169.04069785197498,1097532,0
H4,4th(m5_best),1.7505750199548586,0.7,gpu_matrix_free,aer_overlap_moments_unitary_krylov_ritz,complex128/double,,64,complete,-8.681090647444378e-06,8.681090647444378e-06,18179146.990830142,1.6118070224511577e-07,169.04069785197498,1097532,0
H4,4th(m5_best),1.7505750199548586,0.7,gpu_matrix_free,aer_overlap_moments_unitary_krylov_ritz,complex128/double,,96,complete,-8.6810906465562e-06,8.6810906465562e-06,18179146.990722984,1.5699347485382465e-07,169.04069785197498,1097532,0
H4,4th(m5_best),1.7505750199548586,0.7,gpu_matrix_free,aer_overlap_moments_unitary_krylov_ritz,complex128/double,,8,complete,-8.681089777473616e-06,8.681089777473616e-06,18179146.885869697,3.563153998973864e-06,169.04069785197498,1097532,0
H4,4th(m5_best),1.7505750199548586,0.7,gpu_matrix_free,aer_overlap_moments_unitary_krylov_ritz,complex128/double,,16,complete,-8.681090642559397e-06,8.681090642559397e-06,18179146.99024078,3.9340194411409155e-07,169.04069785197498,1097532,0
H4,4th(m5_best),1.7505750199548586,0.7,gpu_matrix_free,aer_overlap_moments_unitary_krylov_ritz,complex128/double,,32,complete,-8.681090934992142e-06,8.681090934992142e-06,18179147.025522273,1.4477917911399744e-06,169.04069785197498,1097532,0
H4,4th(m5_best),1.7505750199548586,0.7,gpu_matrix_free,aer_overlap_moments_unitary_krylov_ritz,complex128/double,,64,complete,-8.681090872375563e-06,8.681090872375563e-06,18179147.017967694,2.4375129822390664e-06,169.04069785197498,1097532,0
H4,4th(m5_best),1.7505750199548586,0.7,gpu_matrix_free,aer_overlap_moments_unitary_krylov_ritz,complex128/double,,96,complete,-8.681091408835329e-06,8.681091408835329e-06,18179147.082690626,2.9371167743115682e-06,169.04069785197498,1097532,0
H4,4th(m5_best),1.7505750199548586,0.7,gpu_matrix_free,aer_overlap_moments_unitary_krylov_ritz,complex128/double,,8,complete,-8.681089777473616e-06,8.681089777473616e-06,18179146.885869697,3.563153998973864e-06,169.04069785197498,1097532,0
H4,4th(m5_best),1.7505750199548586,0.7,gpu_matrix_free,aer_overlap_moments_unitary_krylov_ritz,complex128/double,,16,complete,-8.681090710060957e-06,8.681090710060957e-06,18179146.998384725,5.577494881216557e-07,169.04069785197498,1097532,0
H4,4th(m5_best),1.7505750199548586,0.7,gpu_matrix_free,aer_overlap_moments_unitary_krylov_ritz,complex128/double,,32,complete,-8.681090634343747e-06,8.681090634343747e-06,18179146.989249572,4.7403495671113926e-07,169.04069785197498,1097532,0
H4,4th(m5_best),1.7505750199548586,0.7,gpu_matrix_free,aer_overlap_moments_unitary_krylov_ritz,complex128/double,,64,complete,-8.68109066054501e-06,8.68109066054501e-06,18179146.99241071,4.311047834601829e-07,169.04069785197498,1097532,0
H4,4th(m5_best),1.7505750199548586,0.7,gpu_matrix_free,aer_overlap_moments_unitary_krylov_ritz,complex128/double,,96,complete,-8.681090659212742e-06,8.681090659212742e-06,18179146.992249973,4.140270945265831e-07,169.04069785197498,1097532,0
H4,4th(m5_best),2.5008214570783696,1.0,gpu_matrix_free,aer_overlap_moments_unitary_krylov_ritz,complex128/double,,8,complete,-1.5372907464117347e-05,1.5372907464117347e-05,13316817.426304737,0.002856409222828854,169.5652489119675,1097532,0
H4,4th(m5_best),2.5008214570783696,1.0,gpu_matrix_free,aer_overlap_moments_unitary_krylov_ritz,complex128/double,,16,complete,-1.620392774559498e-05,1.620392774559498e-05,13394121.479170203,1.3425499689548966e-05,169.5652489119675,1097532,0
H4,4th(m5_best),2.5008214570783696,1.0,gpu_matrix_free,aer_overlap_moments_unitary_krylov_ritz,complex128/double,,32,complete,-1.6203881858745106e-05,1.6203881858745106e-05,13394117.18585738,6.304441631229574e-07,169.5652489119675,1097532,0
H4,4th(m5_best),2.5008214570783696,1.0,gpu_matrix_free,aer_overlap_moments_unitary_krylov_ritz,complex128/double,,64,complete,-1.6203881872733916e-05,1.6203881872733916e-05,13394117.187166216,1.4057727354849284e-07,169.5652489119675,1097532,0
H4,4th(m5_best),2.5008214570783696,1.0,gpu_matrix_free,aer_overlap_moments_unitary_krylov_ritz,complex128/double,,96,complete,-1.6203881872289827e-05,1.6203881872289827e-05,13394117.187124666,1.7881393432617188e-07,169.5652489119675,1097532,0
H4,4th(m5_best),2.5008214570783696,1.0,gpu_matrix_free,aer_overlap_moments_unitary_krylov_ritz,complex128/double,,8,complete,-1.5372907464117347e-05,1.5372907464117347e-05,13316817.426304737,0.002856409222828854,169.5652489119675,1097532,0
H4,4th(m5_best),2.5008214570783696,1.0,gpu_matrix_free,aer_overlap_moments_unitary_krylov_ritz,complex128/double,,16,complete,-1.6203882361010002e-05,1.6203882361010002e-05,13394117.232850792,2.709922732973315e-06,169.5652489119675,1097532,0
H4,4th(m5_best),2.5008214570783696,1.0,gpu_matrix_free,aer_overlap_moments_unitary_krylov_ritz,complex128/double,,32,complete,-1.620388187628663e-05,1.620388187628663e-05,13394117.187498618,1.043081283569336e-07,169.5652489119675,1097532,0
H4,4th(m5_best),2.5008214570783696,1.0,gpu_matrix_free,aer_overlap_moments_unitary_krylov_ritz,complex128/double,,64,complete,-1.6203882386545132e-05,1.6203882386545132e-05,13394117.235239936,2.4150916508842316e-06,169.5652489119675,1097532,0
H4,4th(m5_best),2.5008214570783696,1.0,gpu_matrix_free,aer_overlap_moments_unitary_krylov_ritz,complex128/double,,96,complete,-1.6203881003207243e-05,1.6203881003207243e-05,13394117.10581069,2.7869553782358257e-06,169.5652489119675,1097532,0
H4,4th(m5_best),2.5008214570783696,1.0,gpu_matrix_free,aer_overlap_moments_unitary_krylov_ritz,complex128/double,,8,complete,-1.5372907464117347e-05,1.5372907464117347e-05,13316817.426304737,0.002856409222828854,169.5652489119675,1097532,0
H4,4th(m5_best),2.5008214570783696,1.0,gpu_matrix_free,aer_overlap_moments_unitary_krylov_ritz,complex128/double,,16,complete,-1.6203882361010002e-05,1.6203882361010002e-05,13394117.232850792,2.709922732973315e-06,169.5652489119675,1097532,0
H4,4th(m5_best),2.5008214570783696,1.0,gpu_matrix_free,aer_overlap_moments_unitary_krylov_ritz,complex128/double,,32,complete,-1.6203881878951165e-05,1.6203881878951165e-05,13394117.18774792,8.928270446625496e-07,169.5652489119675,1097532,0
H4,4th(m5_best),2.5008214570783696,1.0,gpu_matrix_free,aer_overlap_moments_unitary_krylov_ritz,complex128/double,,64,complete,-1.620388185941124e-05,1.620388185941124e-05,13394117.185919706,4.73331814237493e-07,169.5652489119675,1097532,0
H4,4th(m5_best),2.5008214570783696,1.0,gpu_matrix_free,aer_overlap_moments_unitary_krylov_ritz,complex128/double,,96,complete,-1.6203881871623693e-05,1.6203881871623693e-05,13394117.18706234,3.7726726833498965e-07,169.5652489119675,1097532,0
H4,8th(Morales-Y8m10b),2.5654291271388545,0.5,cpu_dense,sequential_pf_construction_scipy_schur,complex128,,,complete,1.0112140147455762e-07,1.0112140147455762e-07,22310150.48376933,6.786242452547375e-14,0.04502492002211511,476036,
H4,8th(Morales-Y8m10b),3.591600777994396,0.7,cpu_dense,sequential_pf_construction_scipy_schur,complex128,,,complete,1.2852888149339492e-06,1.2852888149339492e-06,16055200.00668324,8.786377093697682e-14,0.04454562097089365,476036,
H4,8th(Morales-Y8m10b),5.130858254277709,1.0,cpu_dense,sequential_pf_construction_scipy_schur,complex128,,,complete,0.00021503322280147508,0.00021503322280147508,,2.1742650710212577e-13,0.04604579700389877,476036,
H4,8th(Morales-Y8m10b),2.5654291271388545,0.5,cpu_dense,palindromic_s2_stage_reuse_scipy_schur,complex128,,,complete,1.0112140147455762e-07,1.0112140147455762e-07,22310150.48376933,6.786242452547375e-14,0.024603057012427598,476036,
H4,8th(Morales-Y8m10b),3.591600777994396,0.7,cpu_dense,palindromic_s2_stage_reuse_scipy_schur,complex128,,,complete,1.2852888149339492e-06,1.2852888149339492e-06,16055200.00668324,8.786377093697682e-14,0.02507805498316884,476036,
H4,8th(Morales-Y8m10b),5.130858254277709,1.0,cpu_dense,palindromic_s2_stage_reuse_scipy_schur,complex128,,,complete,0.00021503322280147508,0.00021503322280147508,,2.1742650710212577e-13,0.024625626916531473,476036,
H4,8th(Morales-Y8m10b),2.5654291271388545,0.5,gpu_matrix_free,aer_overlap_moments_unitary_krylov_ritz,complex128/double,,8,complete,1.0081140922046927e-07,1.0081140922046927e-07,22310107.05787061,1.3050269891658508e-05,338.609717327985,1464016,0
H4,8th(Morales-Y8m10b),2.5654291271388545,0.5,gpu_matrix_free,aer_overlap_moments_unitary_krylov_ritz,complex128/double,,16,complete,1.0110271131402726e-07,1.0110271131402726e-07,22310147.865515195,9.753387703079727e-06,338.609717327985,1464016,0
H4,8th(Morales-Y8m10b),2.5654291271388545,0.5,gpu_matrix_free,aer_overlap_moments_unitary_krylov_ritz,complex128/double,,32,complete,1.011209680434888e-07,1.011209680434888e-07,22310150.423051137,8.13035539728626e-07,338.609717327985,1464016,0
H4,8th(Morales-Y8m10b),2.5654291271388545,0.5,gpu_matrix_free,aer_overlap_moments_unitary_krylov_ritz,complex128/double,,64,complete,1.0112085790936476e-07,1.0112085790936476e-07,22310150.407622743,2.2598729860936256e-07,338.609717327985,1464016,0
H4,8th(Morales-Y8m10b),2.5654291271388545,0.5,gpu_matrix_free,aer_overlap_moments_unitary_krylov_ritz,complex128/double,,96,complete,1.0112085169211582e-07,1.0112085169211582e-07,22310150.406751785,1.3738191809196602e-07,338.609717327985,1464016,0
H4,8th(Morales-Y8m10b),2.5654291271388545,0.5,gpu_matrix_free,aer_overlap_moments_unitary_krylov_ritz,complex128/double,,8,complete,1.0081201717859756e-07,1.0081201717859756e-07,22310107.1430375,1.418106018644329e-05,338.609717327985,1464016,0
H4,8th(Morales-Y8m10b),2.5654291271388545,0.5,gpu_matrix_free,aer_overlap_moments_unitary_krylov_ritz,complex128/double,,16,complete,1.011213826007662e-07,1.011213826007662e-07,22310150.481125355,1.7383339806909233e-06,338.609717327985,1464016,0
H4,8th(Morales-Y8m10b),2.5654291271388545,0.5,gpu_matrix_free,aer_overlap_moments_unitary_krylov_ritz,complex128/double,,32,complete,1.0112098780545864e-07,1.0112098780545864e-07,22310150.425819542,2.425733297482089e-07,338.609717327985,1464016,0
H4,8th(Morales-Y8m10b),2.5654291271388545,0.5,gpu_matrix_free,aer_overlap_moments_unitary_krylov_ritz,complex128/double,,64,complete,1.0112077974966382e-07,1.0112077974966382e-07,22310150.396673564,2.2843047554427223e-07,338.609717327985,1464016,0
H4,8th(Morales-Y8m10b),2.5654291271388545,0.5,gpu_matrix_free,aer_overlap_moments_unitary_krylov_ritz,complex128/double,,96,complete,1.0112117121430231e-07,1.0112117121430231e-07,22310150.451512795,5.642800399291958e-07,338.609717327985,1464016,0
H4,8th(Morales-Y8m10b),2.5654291271388545,0.5,gpu_matrix_free,aer_overlap_moments_unitary_krylov_ritz,complex128/double,,8,complete,1.0081201717859756e-07,1.0081201717859756e-07,22310107.1430375,1.418106018644329e-05,338.609717327985,1464016,0
H4,8th(Morales-Y8m10b),2.5654291271388545,0.5,gpu_matrix_free,aer_overlap_moments_unitary_krylov_ritz,complex128/double,,16,complete,1.0112223347569227e-07,1.0112223347569227e-07,22310150.600322142,1.745726840773222e-06,338.609717327985,1464016,0
H4,8th(Morales-Y8m10b),2.5654291271388545,0.5,gpu_matrix_free,aer_overlap_moments_unitary_krylov_ritz,complex128/double,,32,complete,1.0112092518888005e-07,1.0112092518888005e-07,22310150.41704775,7.340996227713586e-07,338.609717327985,1464016,0
H4,8th(Morales-Y8m10b),2.5654291271388545,0.5,gpu_matrix_free,aer_overlap_moments_unitary_krylov_ritz,complex128/double,,64,complete,1.0112081572088982e-07,1.0112081572088982e-07,22310150.401712675,7.290917529299895e-07,338.609717327985,1464016,0
H4,8th(Morales-Y8m10b),2.5654291271388545,0.5,gpu_matrix_free,aer_overlap_moments_unitary_krylov_ritz,complex128/double,,96,complete,1.011209136425606e-07,1.011209136425606e-07,22310150.41543026,9.330792548926633e-07,338.609717327985,1464016,0
H4,8th(Morales-Y8m10b),3.591600777994396,0.7,gpu_matrix_free,aer_overlap_moments_unitary_krylov_ritz,complex128/double,,8,complete,1.243679760953853e-06,1.243679760953853e-06,16050975.005496532,0.0004027528858716414,330.5311568279867,1464016,0
H4,8th(Morales-Y8m10b),3.591600777994396,0.7,gpu_matrix_free,aer_overlap_moments_unitary_krylov_ritz,complex128/double,,16,complete,1.2852796518192378e-06,1.2852796518192378e-06,16055199.076011786,5.695324396086532e-06,330.5311568279867,1464016,0
H4,8th(Morales-Y8m10b),3.591600777994396,0.7,gpu_matrix_free,aer_overlap_moments_unitary_krylov_ritz,complex128/double,,32,complete,1.2852884234693107e-06,1.2852884234693107e-06,16055199.96692329,6.217553032942136e-07,330.5311568279867,1464016,0
H4,8th(Morales-Y8m10b),3.591600777994396,0.7,gpu_matrix_free,aer_overlap_moments_unitary_krylov_ritz,complex128/double,,64,complete,1.285288426133846e-06,1.285288426133846e-06,16055199.967193922,1.812804499357408e-07,330.5311568279867,1464016,0
H4,8th(Morales-Y8m10b),3.591600777994396,0.7,gpu_matrix_free,aer_overlap_moments_unitary_krylov_ritz,complex128/double,,96,complete,1.2852884270220244e-06,1.2852884270220244e-06,16055199.96728413,1.548574096771071e-07,330.5311568279867,1464016,0
H4,8th(Morales-Y8m10b),3.591600777994396,0.7,gpu_matrix_free,aer_overlap_moments_unitary_krylov_ritz,complex128/double,,8,complete,1.243679760953853e-06,1.243679760953853e-06,16050975.005496532,0.0004027528858716414,330.5311568279867,1464016,0
H4,8th(Morales-Y8m10b),3.591600777994396,0.7,gpu_matrix_free,aer_overlap_moments_unitary_krylov_ritz,complex128/double,,16,complete,1.2852876822844195e-06,1.2852876822844195e-06,16055199.89164325,3.883060769810225e-06,330.5311568279867,1464016,0
H4,8th(Morales-Y8m10b),3.591600777994396,0.7,gpu_matrix_free,aer_overlap_moments_unitary_krylov_ritz,complex128/double,,32,complete,1.2852883628511336e-06,1.2852883628511336e-06,16055199.960766476,6.591974604307015e-07,330.5311568279867,1464016,0
H4,8th(Morales-Y8m10b),3.591600777994396,0.7,gpu_matrix_free,aer_overlap_moments_unitary_krylov_ritz,complex128/double,,64,complete,1.2852884232472661e-06,1.2852884232472661e-06,16055199.96690074,4.497584185834697e-07,330.5311568279867,1464016,0
H4,8th(Morales-Y8m10b),3.591600777994396,0.7,gpu_matrix_free,aer_overlap_moments_unitary_krylov_ritz,complex128/double,,96,complete,1.2852884263558906e-06,1.2852884263558906e-06,16055199.967216473,2.4485106356672917e-07,330.5311568279867,1464016,0
H4,8th(Morales-Y8m10b),3.591600777994396,0.7,gpu_matrix_free,aer_overlap_moments_unitary_krylov_ritz,complex128/double,,8,complete,1.243679760953853e-06,1.243679760953853e-06,16050975.005496532,0.0004027528858716414,330.5311568279867,1464016,0
H4,8th(Morales-Y8m10b),3.591600777994396,0.7,gpu_matrix_free,aer_overlap_moments_unitary_krylov_ritz,complex128/double,,16,complete,1.2852876822844195e-06,1.2852876822844195e-06,16055199.89164325,3.883060769810225e-06,330.5311568279867,1464016,0
H4,8th(Morales-Y8m10b),3.591600777994396,0.7,gpu_matrix_free,aer_overlap_moments_unitary_krylov_ritz,complex128/double,,32,complete,1.2852884434533252e-06,1.2852884434533252e-06,16055199.96895301,7.914466693931521e-07,330.5311568279867,1464016,0
H4,8th(Morales-Y8m10b),3.591600777994396,0.7,gpu_matrix_free,aer_overlap_moments_unitary_krylov_ritz,complex128/double,,64,complete,1.285288387942174e-06,1.285288387942174e-06,16055199.963314902,7.542401990201333e-07,330.5311568279867,1464016,0
H4,8th(Morales-Y8m10b),3.591600777994396,0.7,gpu_matrix_free,aer_overlap_moments_unitary_krylov_ritz,complex128/double,,96,complete,1.2852884880842907e-06,1.2852884880842907e-06,16055199.97348605,8.563955453336842e-07,330.5311568279867,1464016,0
H4,8th(Morales-Y8m10b),5.130858254277709,1.0,gpu_matrix_free,aer_overlap_moments_unitary_krylov_ritz,complex128/double,,8,complete,6.297768874397036e-05,6.297768874397036e-05,18432269.12005802,0.0039448489568591,330.33538537996355,1464016,0
H4,8th(Morales-Y8m10b),5.130858254277709,1.0,gpu_matrix_free,aer_overlap_moments_unitary_krylov_ritz,complex128/double,,16,complete,0.0002163776526598049,0.0002163776526598049,,0.0032439909039539633,330.33538537996355,1464016,0
H4,8th(Morales-Y8m10b),5.130858254277709,1.0,gpu_matrix_free,aer_overlap_moments_unitary_krylov_ritz,complex128/double,,32,complete,0.0002150332953871903,0.0002150332953871903,,4.095041352105089e-05,330.33538537996355,1464016,0
H4,8th(Morales-Y8m10b),5.130858254277709,1.0,gpu_matrix_free,aer_overlap_moments_unitary_krylov_ritz,complex128/double,,64,complete,0.0002150332227757179,0.0002150332227757179,,6.351811136587594e-07,330.33538537996355,1464016,0
H4,8th(Morales-Y8m10b),5.130858254277709,1.0,gpu_matrix_free,aer_overlap_moments_unitary_krylov_ritz,complex128/double,,96,complete,0.00021503322273552783,0.00021503322273552783,,3.41103170581448e-07,330.33538537996355,1464016,0
H4,8th(Morales-Y8m10b),5.130858254277709,1.0,gpu_matrix_free,aer_overlap_moments_unitary_krylov_ritz,complex128/double,,8,complete,6.297768874397036e-05,6.297768874397036e-05,18432269.12005802,0.0039448489568591,330.33538537996355,1464016,0
H4,8th(Morales-Y8m10b),5.130858254277709,1.0,gpu_matrix_free,aer_overlap_moments_unitary_krylov_ritz,complex128/double,,16,complete,0.0002163776526598049,0.0002163776526598049,,0.0032439909039539633,330.33538537996355,1464016,0
H4,8th(Morales-Y8m10b),5.130858254277709,1.0,gpu_matrix_free,aer_overlap_moments_unitary_krylov_ritz,complex128/double,,32,complete,0.00021503322632177024,0.00021503322632177024,,2.631901118059202e-06,330.33538537996355,1464016,0
H4,8th(Morales-Y8m10b),5.130858254277709,1.0,gpu_matrix_free,aer_overlap_moments_unitary_krylov_ritz,complex128/double,,64,complete,0.00021503322155402849,0.00021503322155402849,,1.4284921838291723e-06,330.33538537996355,1464016,0
H4,8th(Morales-Y8m10b),5.130858254277709,1.0,gpu_matrix_free,aer_overlap_moments_unitary_krylov_ritz,complex128/double,,96,complete,0.00021503322195459695,0.00021503322195459695,,1.0925711858167266e-06,330.33538537996355,1464016,0
H4,8th(Morales-Y8m10b),5.130858254277709,1.0,gpu_matrix_free,aer_overlap_moments_unitary_krylov_ritz,complex128/double,,8,complete,6.297768874397036e-05,6.297768874397036e-05,18432269.12005802,0.0039448489568591,330.33538537996355,1464016,0
H4,8th(Morales-Y8m10b),5.130858254277709,1.0,gpu_matrix_free,aer_overlap_moments_unitary_krylov_ritz,complex128/double,,16,complete,0.0002163776526598049,0.0002163776526598049,,0.0032439909039539633,330.33538537996355,1464016,0
H4,8th(Morales-Y8m10b),5.130858254277709,1.0,gpu_matrix_free,aer_overlap_moments_unitary_krylov_ritz,complex128/double,,32,complete,0.00021503322491533972,0.00021503322491533972,,7.269017978130206e-06,330.33538537996355,1464016,0
H4,8th(Morales-Y8m10b),5.130858254277709,1.0,gpu_matrix_free,aer_overlap_moments_unitary_krylov_ritz,complex128/double,,64,complete,0.00021503322263738411,0.00021503322263738411,,3.1735625391962217e-06,330.33538537996355,1464016,0
H4,8th(Morales-Y8m10b),5.130858254277709,1.0,gpu_matrix_free,aer_overlap_moments_unitary_krylov_ritz,complex128/double,,96,complete,0.00021503322257143687,0.00021503322257143687,,2.3431809460605573e-06,330.33538537996355,1464016,0
H6,4th(m5_best),1.04021617097037,0.5,cpu_dense,sequential_pf_construction_scipy_schur,complex128,,,complete,-1.8308826184032512e-06,1.8308826184032512e-06,164741145.1855294,5.504121508851378e-15,9.991242691059597,660768,
H6,4th(m5_best),1.4563026393585177,0.7,cpu_dense,sequential_pf_construction_scipy_schur,complex128,,,complete,-5.013800696396231e-06,5.013800696396231e-06,120098876.42174305,8.125601992960764e-14,9.997765578969847,660768,
H6,4th(m5_best),2.08043234194074,1.0,cpu_dense,sequential_pf_construction_scipy_schur,complex128,,,complete,-2.2155551940183926e-05,2.2155551940183926e-05,94572469.46287324,8.781586427274415e-13,10.0906808579457,660768,
H6,4th(m5_best),1.04021617097037,0.5,cpu_dense,palindromic_s2_stage_reuse_scipy_schur,complex128,,,complete,-1.8308826184032512e-06,1.8308826184032512e-06,164741145.1855294,5.504121508851378e-15,5.576359475031495,679512,
H6,4th(m5_best),1.4563026393585177,0.7,cpu_dense,palindromic_s2_stage_reuse_scipy_schur,complex128,,,complete,-5.013800696396231e-06,5.013800696396231e-06,120098876.42174305,8.125601992960764e-14,5.59312639106065,679512,
H6,4th(m5_best),2.08043234194074,1.0,cpu_dense,palindromic_s2_stage_reuse_scipy_schur,complex128,,,complete,-2.2155551940183926e-05,2.2155551940183926e-05,94572469.46287324,8.781586427274415e-13,5.679260252043605,679512,
H6,4th(m5_best),1.04021617097037,0.5,gpu_matrix_free,aer_overlap_moments_unitary_krylov_ritz,complex128/double,,8,complete,3.020132580845246,3.020132580845246,,3.4974583972815243e-06,1157.6787107720156,3196064,25818
H6,4th(m5_best),1.04021617097037,0.5,gpu_matrix_free,aer_overlap_moments_unitary_krylov_ritz,complex128/double,,16,complete,3.020132580848958,3.020132580848958,,3.0783433213963582e-06,1157.6787107720156,3196064,25818
H6,4th(m5_best),1.04021617097037,0.5,gpu_matrix_free,aer_overlap_moments_unitary_krylov_ritz,complex128/double,,32,complete,3.0201325808469117,3.0201325808469117,,1.3325504514221874e-06,1157.6787107720156,3196064,25818
H6,4th(m5_best),1.04021617097037,0.5,gpu_matrix_free,aer_overlap_moments_unitary_krylov_ritz,complex128/double,,64,complete,3.0201325808472266,3.0201325808472266,,1.0939928795681985e-06,1157.6787107720156,3196064,25818
H6,4th(m5_best),1.04021617097037,0.5,gpu_matrix_free,aer_overlap_moments_unitary_krylov_ritz,complex128/double,,96,complete,3.0201325808471546,3.0201325808471546,,8.355287175700776e-07,1157.6787107720156,3196064,25818
H6,4th(m5_best),1.04021617097037,0.5,gpu_matrix_free,aer_overlap_moments_unitary_krylov_ritz,complex128/double,,8,complete,3.0201325808478083,3.0201325808478083,,2.416332528130948e-06,1157.6787107720156,3196064,25818
H6,4th(m5_best),1.04021617097037,0.5,gpu_matrix_free,aer_overlap_moments_unitary_krylov_ritz,complex128/double,,16,complete,3.020132580847718,3.020132580847718,,1.596650903968768e-06,1157.6787107720156,3196064,25818
H6,4th(m5_best),1.04021617097037,0.5,gpu_matrix_free,aer_overlap_moments_unitary_krylov_ritz,complex128/double,,32,complete,3.0201325808476667,3.0201325808476667,,1.5716310588640224e-06,1157.6787107720156,3196064,25818
H6,4th(m5_best),1.04021617097037,0.5,gpu_matrix_free,aer_overlap_moments_unitary_krylov_ritz,complex128/double,,64,complete,3.0201325808460107,3.0201325808460107,,3.123881934684824e-06,1157.6787107720156,3196064,25818
H6,4th(m5_best),1.04021617097037,0.5,gpu_matrix_free,aer_overlap_moments_unitary_krylov_ritz,complex128/double,,96,complete,3.020132580847264,3.020132580847264,,1.1194729787703126e-06,1157.6787107720156,3196064,25818
H6,4th(m5_best),1.04021617097037,0.5,gpu_matrix_free,aer_overlap_moments_unitary_krylov_ritz,complex128/double,,8,complete,3.0201325808478083,3.0201325808478083,,2.416332528130948e-06,1157.6787107720156,3196064,25818
H6,4th(m5_best),1.04021617097037,0.5,gpu_matrix_free,aer_overlap_moments_unitary_krylov_ritz,complex128/double,,16,complete,3.020132580847718,3.020132580847718,,1.596650903968768e-06,1157.6787107720156,3196064,25818
H6,4th(m5_best),1.04021617097037,0.5,gpu_matrix_free,aer_overlap_moments_unitary_krylov_ritz,complex128/double,,32,complete,3.0201325808472363,3.0201325808472363,,1.8541619719038193e-06,1157.6787107720156,3196064,25818
H6,4th(m5_best),1.04021617097037,0.5,gpu_matrix_free,aer_overlap_moments_unitary_krylov_ritz,complex128/double,,64,complete,3.0201325808472035,3.0201325808472035,,1.650131203933693e-06,1157.6787107720156,3196064,25818
H6,4th(m5_best),1.04021617097037,0.5,gpu_matrix_free,aer_overlap_moments_unitary_krylov_ritz,complex128/double,,96,complete,3.0201325808471373,3.0201325808471373,,1.5034673518692779e-06,1157.6787107720156,3196064,25818
H6,4th(m5_best),1.4563026393585177,0.7,gpu_matrix_free,aer_overlap_moments_unitary_krylov_ritz,complex128/double,,8,complete,2.1572326233945542,2.1572326233945542,,0.0003803996302012948,1140.7723085270263,3196064,25818
H6,4th(m5_best),1.4563026393585177,0.7,gpu_matrix_free,aer_overlap_moments_unitary_krylov_ritz,complex128/double,,16,complete,2.157232618520944,2.157232618520944,,0.0005097452006669699,1140.7723085270263,3196064,25818
H6,4th(m5_best),1.4563026393585177,0.7,gpu_matrix_free,aer_overlap_moments_unitary_krylov_ritz,complex128/double,,32,complete,2.1572327944840852,2.1572327944840852,,0.0003025892508192478,1140.7723085270263,3196064,25818
H6,4th(m5_best),1.4563026393585177,0.7,gpu_matrix_free,aer_overlap_moments_unitary_krylov_ritz,complex128/double,,64,complete,2.1572337476062255,2.1572337476062255,,0.00044320699137651086,1140.7723085270263,3196064,25818
H6,4th(m5_best),1.4563026393585177,0.7,gpu_matrix_free,aer_overlap_moments_unitary_krylov_ritz,complex128/double,,96,complete,2.1572338502371533,2.1572338502371533,,5.95205615453377e-05,1140.7723085270263,3196064,25818
H6,4th(m5_best),1.4563026393585177,0.7,gpu_matrix_free,aer_overlap_moments_unitary_krylov_ritz,complex128/double,,8,complete,2.1572326233945542,2.1572326233945542,,0.0003803996302012948,1140.7723085270263,3196064,25818
H6,4th(m5_best),1.4563026393585177,0.7,gpu_matrix_free,aer_overlap_moments_unitary_krylov_ritz,complex128/double,,16,complete,2.157232618520944,2.157232618520944,,0.0005097452006669699,1140.7723085270263,3196064,25818
H6,4th(m5_best),1.4563026393585177,0.7,gpu_matrix_free,aer_overlap_moments_unitary_krylov_ritz,complex128/double,,32,complete,2.157232840313274,2.157232840313274,,0.0002527255995373244,1140.7723085270263,3196064,25818
H6,4th(m5_best),1.4563026393585177,0.7,gpu_matrix_free,aer_overlap_moments_unitary_krylov_ritz,complex128/double,,64,complete,2.15723382097857,2.15723382097857,,0.0002617380488729723,1140.7723085270263,3196064,25818
H6,4th(m5_best),1.4563026393585177,0.7,gpu_matrix_free,aer_overlap_moments_unitary_krylov_ritz,complex128/double,,96,complete,2.1572338521605063,2.1572338521605063,,2.9471102827455724e-05,1140.7723085270263,3196064,25818
H6,4th(m5_best),1.4563026393585177,0.7,gpu_matrix_free,aer_overlap_moments_unitary_krylov_ritz,complex128/double,,8,complete,2.1572326233945542,2.1572326233945542,,0.0003803996302012948,1140.7723085270263,3196064,25818
H6,4th(m5_best),1.4563026393585177,0.7,gpu_matrix_free,aer_overlap_moments_unitary_krylov_ritz,complex128/double,,16,complete,2.157232618520944,2.157232618520944,,0.0005097452006669699,1140.7723085270263,3196064,25818
H6,4th(m5_best),1.4563026393585177,0.7,gpu_matrix_free,aer_overlap_moments_unitary_krylov_ritz,complex128/double,,32,complete,2.157232840313274,2.157232840313274,,0.0002527255995373244,1140.7723085270263,3196064,25818
H6,4th(m5_best),1.4563026393585177,0.7,gpu_matrix_free,aer_overlap_moments_unitary_krylov_ritz,complex128/double,,64,complete,2.157233851583343,2.157233851583343,,0.0002198761702545251,1140.7723085270263,3196064,25818
H6,4th(m5_best),1.4563026393585177,0.7,gpu_matrix_free,aer_overlap_moments_unitary_krylov_ritz,complex128/double,,96,complete,2.1572338519640386,2.1572338519640386,,2.206775944846983e-05,1140.7723085270263,3196064,25818
H6,4th(m5_best),2.08043234194074,1.0,gpu_matrix_free,aer_overlap_moments_unitary_krylov_ritz,complex128/double,,8,complete,1.5100511936019225,1.5100511936019225,,0.004247828066721444,1153.8751881620265,3196064,25818
H6,4th(m5_best),2.08043234194074,1.0,gpu_matrix_free,aer_overlap_moments_unitary_krylov_ritz,complex128/double,,16,complete,1.5100492782893309,1.5100492782893309,,0.005313795470292265,1153.8751881620265,3196064,25818
H6,4th(m5_best),2.08043234194074,1.0,gpu_matrix_free,aer_overlap_moments_unitary_krylov_ritz,complex128/double,,32,complete,1.5100412503772929,1.5100412503772929,,0.006774638250527048,1153.8751881620265,3196064,25818
H6,4th(m5_best),2.08043234194074,1.0,gpu_matrix_free,aer_overlap_moments_unitary_krylov_ritz,complex128/double,,64,complete,1.510043063329183,1.510043063329183,,0.0020913509194660507,1153.8751881620265,3196064,25818
H6,4th(m5_best),2.08043234194074,1.0,gpu_matrix_free,aer_overlap_moments_unitary_krylov_ritz,complex128/double,,96,complete,1.510045144982359,1.510045144982359,,0.0005968137421733672,1153.8751881620265,3196064,25818
H6,4th(m5_best),2.08043234194074,1.0,gpu_matrix_free,aer_overlap_moments_unitary_krylov_ritz,complex128/double,,8,complete,1.5100511936019225,1.5100511936019225,,0.004247828066721444,1153.8751881620265,3196064,25818
H6,4th(m5_best),2.08043234194074,1.0,gpu_matrix_free,aer_overlap_moments_unitary_krylov_ritz,complex128/double,,16,complete,1.5100492782893309,1.5100492782893309,,0.005313795470292265,1153.8751881620265,3196064,25818
H6,4th(m5_best),2.08043234194074,1.0,gpu_matrix_free,aer_overlap_moments_unitary_krylov_ritz,complex128/double,,32,complete,1.5100412503772929,1.5100412503772929,,0.006774638250527048,1153.8751881620265,3196064,25818
H6,4th(m5_best),2.08043234194074,1.0,gpu_matrix_free,aer_overlap_moments_unitary_krylov_ritz,complex128/double,,64,complete,1.510043063329183,1.510043063329183,,0.0020913509194660507,1153.8751881620265,3196064,25818
H6,4th(m5_best),2.08043234194074,1.0,gpu_matrix_free,aer_overlap_moments_unitary_krylov_ritz,complex128/double,,96,complete,1.510045120684856,1.510045120684856,,0.0004891472893158965,1153.8751881620265,3196064,25818
H6,4th(m5_best),2.08043234194074,1.0,gpu_matrix_free,aer_overlap_moments_unitary_krylov_ritz,complex128/double,,8,complete,1.5100511936019225,1.5100511936019225,,0.004247828066721444,1153.8751881620265,3196064,25818
H6,4th(m5_best),2.08043234194074,1.0,gpu_matrix_free,aer_overlap_moments_unitary_krylov_ritz,complex128/double,,16,complete,1.5100492782893309,1.5100492782893309,,0.005313795470292265,1153.8751881620265,3196064,25818
H6,4th(m5_best),2.08043234194074,1.0,gpu_matrix_free,aer_overlap_moments_unitary_krylov_ritz,complex128/double,,32,complete,1.5100412503772929,1.5100412503772929,,0.006774638250527048,1153.8751881620265,3196064,25818
H6,4th(m5_best),2.08043234194074,1.0,gpu_matrix_free,aer_overlap_moments_unitary_krylov_ritz,complex128/double,,64,complete,1.510043063329183,1.510043063329183,,0.0020913509194660507,1153.8751881620265,3196064,25818
H6,4th(m5_best),2.08043234194074,1.0,gpu_matrix_free,aer_overlap_moments_unitary_krylov_ritz,complex128/double,,96,complete,1.510045120684856,1.510045120684856,,0.0004891472893158965,1153.8751881620265,3196064,25818
H6,8th(Morales-Y8m10b),1.9055540666760982,0.5,cpu_dense,sequential_pf_construction_scipy_schur,complex128,,,complete,-5.410990411292005e-08,5.410990411292005e-08,169489333.31538334,1.8592636953720024e-12,21.90964032994816,653696,
H6,8th(Morales-Y8m10b),2.6677756933465373,0.7,cpu_dense,sequential_pf_construction_scipy_schur,complex128,,,complete,-1.0888126915631346e-06,1.0888126915631346e-06,121855267.86306411,1.6086106185602157e-12,20.47735406301217,653696,
H6,8th(Morales-Y8m10b),3.8111081333521963,1.0,cpu_dense,sequential_pf_construction_scipy_schur,complex128,,,complete,3.077999903400297e-05,3.077999903400297e-05,104995522.20266114,1.9680831622623924e-12,21.52112313901307,653696,
H6,8th(Morales-Y8m10b),1.9055540666760982,0.5,cpu_dense,palindromic_s2_stage_reuse_scipy_schur,complex128,,,complete,-5.410990411292005e-08,5.410990411292005e-08,169489333.31538334,1.8592636953720024e-12,9.919383786967956,676704,
H6,8th(Morales-Y8m10b),2.6677756933465373,0.7,cpu_dense,palindromic_s2_stage_reuse_scipy_schur,complex128,,,complete,-1.0888126915631346e-06,1.0888126915631346e-06,121855267.86306411,1.6086106185602157e-12,10.667764622019604,676704,
H6,8th(Morales-Y8m10b),3.8111081333521963,1.0,cpu_dense,palindromic_s2_stage_reuse_scipy_schur,complex128,,,complete,3.077999903400297e-05,3.077999903400297e-05,104995522.20266114,1.9680831622623924e-12,11.256248836987652,676704,
H6,8th(Morales-Y8m10b),1.9055540666760982,0.5,gpu_matrix_free,aer_overlap_moments_unitary_krylov_ritz,complex128/double,,8,complete,1.6486504326212525,1.6486504326212525,,5.9293422446252373e-05,2224.5007099320064,4896796,34792
H6,8th(Morales-Y8m10b),1.9055540666760982,0.5,gpu_matrix_free,aer_overlap_moments_unitary_krylov_ritz,complex128/double,,16,complete,1.6486504337475776,1.6486504337475776,,6.0288177508314155e-05,2224.5007099320064,4896796,34792
H6,8th(Morales-Y8m10b),1.9055540666760982,0.5,gpu_matrix_free,aer_overlap_moments_unitary_krylov_ritz,complex128/double,,32,complete,1.6486504317924988,1.6486504317924988,,3.6877866259966726e-05,2224.5007099320064,4896796,34792
H6,8th(Morales-Y8m10b),1.9055540666760982,0.5,gpu_matrix_free,aer_overlap_moments_unitary_krylov_ritz,complex128/double,,64,complete,1.6486504333682466,1.6486504333682466,,6.033825361001408e-05,2224.5007099320064,4896796,34792
H6,8th(Morales-Y8m10b),1.9055540666760982,0.5,gpu_matrix_free,aer_overlap_moments_unitary_krylov_ritz,complex128/double,,96,complete,1.648650435777405,1.648650435777405,,4.685012049374304e-05,2224.5007099320064,4896796,34792
H6,8th(Morales-Y8m10b),1.9055540666760982,0.5,gpu_matrix_free,aer_overlap_moments_unitary_krylov_ritz,complex128/double,,8,complete,1.6486504320561288,1.6486504320561288,,6.070062225020287e-05,2224.5007099320064,4896796,34792
H6,8th(Morales-Y8m10b),1.9055540666760982,0.5,gpu_matrix_free,aer_overlap_moments_unitary_krylov_ritz,complex128/double,,16,complete,1.6486504333532557,1.6486504333532557,,7.789824127466869e-05,2224.5007099320064,4896796,34792
H6,8th(Morales-Y8m10b),1.9055540666760982,0.5,gpu_matrix_free,aer_overlap_moments_unitary_krylov_ritz,complex128/double,,32,complete,1.6486504315593082,1.6486504315593082,,3.475683630449586e-05,2224.5007099320064,4896796,34792
H6,8th(Morales-Y8m10b),1.9055540666760982,0.5,gpu_matrix_free,aer_overlap_moments_unitary_krylov_ritz,complex128/double,,64,complete,1.6486504323871418,1.6486504323871418,,7.23849638371277e-05,2224.5007099320064,4896796,34792
H6,8th(Morales-Y8m10b),1.9055540666760982,0.5,gpu_matrix_free,aer_overlap_moments_unitary_krylov_ritz,complex128/double,,96,complete,1.6486504387580156,1.6486504387580156,,0.00016607243004174694,2224.5007099320064,4896796,34792
H6,8th(Morales-Y8m10b),1.9055540666760982,0.5,gpu_matrix_free,aer_overlap_moments_unitary_krylov_ritz,complex128/double,,8,complete,1.6486504320561288,1.6486504320561288,,6.070062225020287e-05,2224.5007099320064,4896796,34792
H6,8th(Morales-Y8m10b),1.9055540666760982,0.5,gpu_matrix_free,aer_overlap_moments_unitary_krylov_ritz,complex128/double,,16,complete,1.6486504333532557,1.6486504333532557,,7.789824127466869e-05,2224.5007099320064,4896796,34792
H6,8th(Morales-Y8m10b),1.9055540666760982,0.5,gpu_matrix_free,aer_overlap_moments_unitary_krylov_ritz,complex128/double,,32,complete,1.6486504315348927,1.6486504315348927,,3.4572042755419546e-05,2224.5007099320064,4896796,34792
H6,8th(Morales-Y8m10b),1.9055540666760982,0.5,gpu_matrix_free,aer_overlap_moments_unitary_krylov_ritz,complex128/double,,64,complete,1.6486504315004609,1.6486504315004609,,7.763721060125475e-05,2224.5007099320064,4896796,34792
H6,8th(Morales-Y8m10b),1.9055540666760982,0.5,gpu_matrix_free,aer_overlap_moments_unitary_krylov_ritz,complex128/double,,96,complete,1.6486504379153362,1.6486504379153362,,0.00013200580927621696,2224.5007099320064,4896796,34792
H6,8th(Morales-Y8m10b),2.6677756933465373,0.7,gpu_matrix_free,aer_overlap_moments_unitary_krylov_ritz,complex128/double,,8,complete,1.1776066272844936,1.1776066272844936,,0.0012542118102183374,2335.0053819390014,4896796,34792
H6,8th(Morales-Y8m10b),2.6677756933465373,0.7,gpu_matrix_free,aer_overlap_moments_unitary_krylov_ritz,complex128/double,,16,complete,1.1776064030509406,1.1776064030509406,,0.0004437695213572362,2335.0053819390014,4896796,34792
H6,8th(Morales-Y8m10b),2.6677756933465373,0.7,gpu_matrix_free,aer_overlap_moments_unitary_krylov_ritz,complex128/double,,32,complete,1.1776064068586438,1.1776064068586438,,9.825860379185016e-05,2335.0053819390014,4896796,34792
H6,8th(Morales-Y8m10b),2.6677756933465373,0.7,gpu_matrix_free,aer_overlap_moments_unitary_krylov_ritz,complex128/double,,64,complete,1.1776064076608572,1.1776064076608572,,7.306687716308572e-05,2335.0053819390014,4896796,34792
H6,8th(Morales-Y8m10b),2.6677756933465373,0.7,gpu_matrix_free,aer_overlap_moments_unitary_krylov_ritz,complex128/double,,96,complete,1.1776064067410366,1.1776064067410366,,1.850118836575658e-05,2335.0053819390014,4896796,34792
H6,8th(Morales-Y8m10b),2.6677756933465373,0.7,gpu_matrix_free,aer_overlap_moments_unitary_krylov_ritz,complex128/double,,8,complete,1.1776066272844936,1.1776066272844936,,0.0012542118102183374,2335.0053819390014,4896796,34792
H6,8th(Morales-Y8m10b),2.6677756933465373,0.7,gpu_matrix_free,aer_overlap_moments_unitary_krylov_ritz,complex128/double,,16,complete,1.1776064030509406,1.1776064030509406,,0.0004437695213572362,2335.0053819390014,4896796,34792
H6,8th(Morales-Y8m10b),2.6677756933465373,0.7,gpu_matrix_free,aer_overlap_moments_unitary_krylov_ritz,complex128/double,,32,complete,1.1776064068586438,1.1776064068586438,,9.825860379185016e-05,2335.0053819390014,4896796,34792
H6,8th(Morales-Y8m10b),2.6677756933465373,0.7,gpu_matrix_free,aer_overlap_moments_unitary_krylov_ritz,complex128/double,,64,complete,1.1776064076611499,1.1776064076611499,,7.40990817455343e-05,2335.0053819390014,4896796,34792
H6,8th(Morales-Y8m10b),2.6677756933465373,0.7,gpu_matrix_free,aer_overlap_moments_unitary_krylov_ritz,complex128/double,,96,complete,1.1776064067286716,1.1776064067286716,,2.2069716410204396e-05,2335.0053819390014,4896796,34792
H6,8th(Morales-Y8m10b),2.6677756933465373,0.7,gpu_matrix_free,aer_overlap_moments_unitary_krylov_ritz,complex128/double,,8,complete,1.1776066272844936,1.1776066272844936,,0.0012542118102183374,2335.0053819390014,4896796,34792
H6,8th(Morales-Y8m10b),2.6677756933465373,0.7,gpu_matrix_free,aer_overlap_moments_unitary_krylov_ritz,complex128/double,,16,complete,1.1776064030509406,1.1776064030509406,,0.0004437695213572362,2335.0053819390014,4896796,34792
H6,8th(Morales-Y8m10b),2.6677756933465373,0.7,gpu_matrix_free,aer_overlap_moments_unitary_krylov_ritz,complex128/double,,32,complete,1.1776064068586438,1.1776064068586438,,9.825860379185016e-05,2335.0053819390014,4896796,34792
H6,8th(Morales-Y8m10b),2.6677756933465373,0.7,gpu_matrix_free,aer_overlap_moments_unitary_krylov_ritz,complex128/double,,64,complete,1.1776064076611499,1.1776064076611499,,7.40990817455343e-05,2335.0053819390014,4896796,34792
H6,8th(Morales-Y8m10b),2.6677756933465373,0.7,gpu_matrix_free,aer_overlap_moments_unitary_krylov_ritz,complex128/double,,96,complete,1.1776064067266876,1.1776064067266876,,2.2067885222436983e-05,2335.0053819390014,4896796,34792
H6,8th(Morales-Y8m10b),3.8111081333521963,1.0,gpu_matrix_free,aer_overlap_moments_unitary_krylov_ritz,complex128/double,,8,complete,0.8243209590944334,0.8243209590944334,,0.009654180766459993,2156.1196178559912,4896796,34792
H6,8th(Morales-Y8m10b),3.8111081333521963,1.0,gpu_matrix_free,aer_overlap_moments_unitary_krylov_ritz,complex128/double,,16,complete,0.8243132061496943,0.8243132061496943,,0.0028869756035008755,2156.1196178559912,4896796,34792
H6,8th(Morales-Y8m10b),3.8111081333521963,1.0,gpu_matrix_free,aer_overlap_moments_unitary_krylov_ritz,complex128/double,,32,complete,0.8243141487449495,0.8243141487449495,,0.003975897902684291,2156.1196178559912,4896796,34792
H6,8th(Morales-Y8m10b),3.8111081333521963,1.0,gpu_matrix_free,aer_overlap_moments_unitary_krylov_ritz,complex128/double,,64,complete,-0.824303806317642,0.824303806317642,,0.0057112602047448184,2156.1196178559912,4896796,34792
H6,8th(Morales-Y8m10b),3.8111081333521963,1.0,gpu_matrix_free,aer_overlap_moments_unitary_krylov_ritz,complex128/double,,96,complete,-0.8242959559097311,0.8242959559097311,,0.003216649431998365,2156.1196178559912,4896796,34792
H6,8th(Morales-Y8m10b),3.8111081333521963,1.0,gpu_matrix_free,aer_overlap_moments_unitary_krylov_ritz,complex128/double,,8,complete,0.8243209590944334,0.8243209590944334,,0.009654180766459993,2156.1196178559912,4896796,34792
H6,8th(Morales-Y8m10b),3.8111081333521963,1.0,gpu_matrix_free,aer_overlap_moments_unitary_krylov_ritz,complex128/double,,16,complete,0.8243132061496943,0.8243132061496943,,0.0028869756035008755,2156.1196178559912,4896796,34792
H6,8th(Morales-Y8m10b),3.8111081333521963,1.0,gpu_matrix_free,aer_overlap_moments_unitary_krylov_ritz,complex128/double,,32,complete,0.8243141487449495,0.8243141487449495,,0.003975897902684291,2156.1196178559912,4896796,34792
H6,8th(Morales-Y8m10b),3.8111081333521963,1.0,gpu_matrix_free,aer_overlap_moments_unitary_krylov_ritz,complex128/double,,64,complete,-0.824303806317642,0.824303806317642,,0.0057112602047448184,2156.1196178559912,4896796,34792
H6,8th(Morales-Y8m10b),3.8111081333521963,1.0,gpu_matrix_free,aer_overlap_moments_unitary_krylov_ritz,complex128/double,,96,complete,-0.8242959043504894,0.8242959043504894,,0.003336343169470568,2156.1196178559912,4896796,34792
H6,8th(Morales-Y8m10b),3.8111081333521963,1.0,gpu_matrix_free,aer_overlap_moments_unitary_krylov_ritz,complex128/double,,8,complete,0.8243209590944334,0.8243209590944334,,0.009654180766459993,2156.1196178559912,4896796,34792
H6,8th(Morales-Y8m10b),3.8111081333521963,1.0,gpu_matrix_free,aer_overlap_moments_unitary_krylov_ritz,complex128/double,,16,complete,0.8243132061496943,0.8243132061496943,,0.0028869756035008755,2156.1196178559912,4896796,34792
H6,8th(Morales-Y8m10b),3.8111081333521963,1.0,gpu_matrix_free,aer_overlap_moments_unitary_krylov_ritz,complex128/double,,32,complete,0.8243141487449495,0.8243141487449495,,0.003975897902684291,2156.1196178559912,4896796,34792
H6,8th(Morales-Y8m10b),3.8111081333521963,1.0,gpu_matrix_free,aer_overlap_moments_unitary_krylov_ritz,complex128/double,,64,complete,-0.824303806317642,0.824303806317642,,0.0057112602047448184,2156.1196178559912,4896796,34792
H6,8th(Morales-Y8m10b),3.8111081333521963,1.0,gpu_matrix_free,aer_overlap_moments_unitary_krylov_ritz,complex128/double,,96,complete,-0.8242959043504894,0.8242959043504894,,0.003336343169470568,2156.1196178559912,4896796,34792
H7,4th(m5_best),1.0847966197745973,0.5,cpu_dense,sequential_pf_construction_scipy_schur,complex128,,,complete,-1.8277082713957782e-06,1.8277082713957782e-06,303604924.66193515,5.158216443326326e-15,101.88420188194141,1467172,
H7,4th(m5_best),1.5187152676844362,0.7,cpu_dense,sequential_pf_construction_scipy_schur,complex128,,,complete,-6.243498887670285e-06,6.243498887670285e-06,223114795.06191194,4.713538964075171e-13,99.87852377601666,1467172,
H7,4th(m5_best),2.1695932395491946,1.0,cpu_dense,sequential_pf_construction_scipy_schur,complex128,,,complete,-1.8339352769736195e-05,1.8339352769736195e-05,169576512.86847985,1.2737876020203365e-12,95.22438591206446,1467172,
H7,4th(m5_best),1.0847966197745973,0.5,cpu_dense,palindromic_s2_stage_reuse_scipy_schur,complex128,,,complete,-1.8277082713957782e-06,1.8277082713957782e-06,303604924.66193515,5.158216443326326e-15,52.57140156504465,1543180,
H7,4th(m5_best),1.5187152676844362,0.7,cpu_dense,palindromic_s2_stage_reuse_scipy_schur,complex128,,,complete,-6.243498887670285e-06,6.243498887670285e-06,223114795.06191194,4.713538964075171e-13,54.902753116970416,1543180,
H7,4th(m5_best),2.1695932395491946,1.0,cpu_dense,palindromic_s2_stage_reuse_scipy_schur,complex128,,,complete,-1.8339352769736195e-05,1.8339352769736195e-05,169576512.86847985,1.2737876020203365e-12,52.22211609996157,1543180,
H7,4th(m5_best),1.0847966197745973,0.5,gpu_matrix_free,aer_overlap_moments_unitary_krylov_ritz,complex128/double,,8,complete,2.896018123224266,2.896018123224266,,5.364956100287505e-06,2407.9210117850453,5578028,0
H7,4th(m5_best),1.0847966197745973,0.5,gpu_matrix_free,aer_overlap_moments_unitary_krylov_ritz,complex128/double,,16,complete,2.8960181232339433,2.8960181232339433,,2.929584965411024e-06,2407.9210117850453,5578028,0
H7,4th(m5_best),1.0847966197745973,0.5,gpu_matrix_free,aer_overlap_moments_unitary_krylov_ritz,complex128/double,,32,complete,2.896018123233411,2.896018123233411,,2.3322578517069017e-06,2407.9210117850453,5578028,0
H7,4th(m5_best),1.0847966197745973,0.5,gpu_matrix_free,aer_overlap_moments_unitary_krylov_ritz,complex128/double,,64,complete,2.8960181232335125,2.8960181232335125,,1.187427151986154e-06,2407.9210117850453,5578028,0
H7,4th(m5_best),1.0847966197745973,0.5,gpu_matrix_free,aer_overlap_moments_unitary_krylov_ritz,complex128/double,,96,complete,2.8960181232335285,2.8960181232335285,,9.267516020218261e-07,2407.9210117850453,5578028,0
H7,4th(m5_best),1.0847966197745973,0.5,gpu_matrix_free,aer_overlap_moments_unitary_krylov_ritz,complex128/double,,8,complete,2.8960181232330613,2.8960181232330613,,4.474692419498205e-06,2407.9210117850453,5578028,0
H7,4th(m5_best),1.0847966197745973,0.5,gpu_matrix_free,aer_overlap_moments_unitary_krylov_ritz,complex128/double,,16,complete,2.896018123233328,2.896018123233328,,2.1188487126218353e-06,2407.9210117850453,5578028,0
H7,4th(m5_best),1.0847966197745973,0.5,gpu_matrix_free,aer_overlap_moments_unitary_krylov_ritz,complex128/double,,32,complete,2.8960181232329734,2.8960181232329734,,2.18661530175079e-06,2407.9210117850453,5578028,0
H7,4th(m5_best),1.0847966197745973,0.5,gpu_matrix_free,aer_overlap_moments_unitary_krylov_ritz,complex128/double,,64,complete,2.8960181232331563,2.8960181232331563,,2.415735148280886e-06,2407.9210117850453,5578028,0
H7,4th(m5_best),1.0847966197745973,0.5,gpu_matrix_free,aer_overlap_moments_unitary_krylov_ritz,complex128/double,,96,complete,2.89601812323384,2.89601812323384,,2.260658892215834e-06,2407.9210117850453,5578028,0
H7,4th(m5_best),1.0847966197745973,0.5,gpu_matrix_free,aer_overlap_moments_unitary_krylov_ritz,complex128/double,,8,complete,2.8960181232330613,2.8960181232330613,,4.474692419498205e-06,2407.9210117850453,5578028,0
H7,4th(m5_best),1.0847966197745973,0.5,gpu_matrix_free,aer_overlap_moments_unitary_krylov_ritz,complex128/double,,16,complete,2.896018123233328,2.896018123233328,,2.1188487126218353e-06,2407.9210117850453,5578028,0
H7,4th(m5_best),1.0847966197745973,0.5,gpu_matrix_free,aer_overlap_moments_unitary_krylov_ritz,complex128/double,,32,complete,2.896018123233245,2.896018123233245,,2.073672061580171e-06,2407.9210117850453,5578028,0
H7,4th(m5_best),1.0847966197745973,0.5,gpu_matrix_free,aer_overlap_moments_unitary_krylov_ritz,complex128/double,,64,complete,2.8960181232332967,2.8960181232332967,,2.1353421182881956e-06,2407.9210117850453,5578028,0
H7,4th(m5_best),1.0847966197745973,0.5,gpu_matrix_free,aer_overlap_moments_unitary_krylov_ritz,complex128/double,,96,complete,2.8960181232335405,2.8960181232335405,,2.3343514408642913e-06,2407.9210117850453,5578028,0
H7,4th(m5_best),1.5187152676844362,0.7,gpu_matrix_free,aer_overlap_moments_unitary_krylov_ritz,complex128/double,,8,complete,2.0685794483074313,2.0685794483074313,,0.0003197294106886648,2392.730621099996,5578028,0
H7,4th(m5_best),1.5187152676844362,0.7,gpu_matrix_free,aer_overlap_moments_unitary_krylov_ritz,complex128/double,,16,complete,2.068579455987919,2.068579455987919,,0.00022949295044790682,2392.730621099996,5578028,0
H7,4th(m5_best),1.5187152676844362,0.7,gpu_matrix_free,aer_overlap_moments_unitary_krylov_ritz,complex128/double,,32,complete,2.0685794519835525,2.0685794519835525,,0.00020993968160817203,2392.730621099996,5578028,0
H7,4th(m5_best),1.5187152676844362,0.7,gpu_matrix_free,aer_overlap_moments_unitary_krylov_ritz,complex128/double,,64,complete,2.0685794450315664,2.0685794450315664,,0.00021275229630515863,2392.730621099996,5578028,0
H7,4th(m5_best),1.5187152676844362,0.7,gpu_matrix_free,aer_overlap_moments_unitary_krylov_ritz,complex128/double,,96,complete,2.06857943598683,2.06857943598683,,9.341078474787302e-05,2392.730621099996,5578028,0
H7,4th(m5_best),1.5187152676844362,0.7,gpu_matrix_free,aer_overlap_moments_unitary_krylov_ritz,complex128/double,,8,complete,2.0685794483074313,2.0685794483074313,,0.0003197294106886648,2392.730621099996,5578028,0
H7,4th(m5_best),1.5187152676844362,0.7,gpu_matrix_free,aer_overlap_moments_unitary_krylov_ritz,complex128/double,,16,complete,2.068579455987919,2.068579455987919,,0.00022949295044790682,2392.730621099996,5578028,0
H7,4th(m5_best),1.5187152676844362,0.7,gpu_matrix_free,aer_overlap_moments_unitary_krylov_ritz,complex128/double,,32,complete,2.0685794519835525,2.0685794519835525,,0.00020993968160817203,2392.730621099996,5578028,0
H7,4th(m5_best),1.5187152676844362,0.7,gpu_matrix_free,aer_overlap_moments_unitary_krylov_ritz,complex128/double,,64,complete,2.0685794380002487,2.0685794380002487,,0.00021106721460852857,2392.730621099996,5578028,0
H7,4th(m5_best),1.5187152676844362,0.7,gpu_matrix_free,aer_overlap_moments_unitary_krylov_ritz,complex128/double,,96,complete,2.0685794353798252,2.0685794353798252,,6.111679973499526e-05,2392.730621099996,5578028,0
H7,4th(m5_best),1.5187152676844362,0.7,gpu_matrix_free,aer_overlap_moments_unitary_krylov_ritz,complex128/double,,8,complete,2.0685794483074313,2.0685794483074313,,0.0003197294106886648,2392.730621099996,5578028,0
H7,4th(m5_best),1.5187152676844362,0.7,gpu_matrix_free,aer_overlap_moments_unitary_krylov_ritz,complex128/double,,16,complete,2.068579455987919,2.068579455987919,,0.00022949295044790682,2392.730621099996,5578028,0
H7,4th(m5_best),1.5187152676844362,0.7,gpu_matrix_free,aer_overlap_moments_unitary_krylov_ritz,complex128/double,,32,complete,2.0685794519835525,2.0685794519835525,,0.00020993968160817203,2392.730621099996,5578028,0
H7,4th(m5_best),1.5187152676844362,0.7,gpu_matrix_free,aer_overlap_moments_unitary_krylov_ritz,complex128/double,,64,complete,2.0685794380002487,2.0685794380002487,,0.00021106721460852857,2392.730621099996,5578028,0
H7,4th(m5_best),1.5187152676844362,0.7,gpu_matrix_free,aer_overlap_moments_unitary_krylov_ritz,complex128/double,,96,complete,2.068579435771051,2.068579435771051,,5.60886377981299e-05,2392.730621099996,5578028,0
H7,4th(m5_best),2.1695932395491946,1.0,gpu_matrix_free,aer_overlap_moments_unitary_krylov_ritz,complex128/double,,8,complete,1.4479956029034682,1.4479956029034682,,0.004361060342869042,2466.2703780049924,5578028,0
H7,4th(m5_best),2.1695932395491946,1.0,gpu_matrix_free,aer_overlap_moments_unitary_krylov_ritz,complex128/double,,16,complete,1.4479927785937516,1.4479927785937516,,0.004175565590036528,2466.2703780049924,5578028,0
H7,4th(m5_best),2.1695932395491946,1.0,gpu_matrix_free,aer_overlap_moments_unitary_krylov_ritz,complex128/double,,32,complete,1.4479918946759691,1.4479918946759691,,0.0034599660632347383,2466.2703780049924,5578028,0
H7,4th(m5_best),2.1695932395491946,1.0,gpu_matrix_free,aer_overlap_moments_unitary_krylov_ritz,complex128/double,,64,complete,1.447993335455667,1.447993335455667,,0.003614130590505777,2466.2703780049924,5578028,0
H7,4th(m5_best),2.1695932395491946,1.0,gpu_matrix_free,aer_overlap_moments_unitary_krylov_ritz,complex128/double,,96,complete,1.4479916833447102,1.4479916833447102,,0.0025168386768361353,2466.2703780049924,5578028,0
H7,4th(m5_best),2.1695932395491946,1.0,gpu_matrix_free,aer_overlap_moments_unitary_krylov_ritz,complex128/double,,8,complete,1.4479956029034682,1.4479956029034682,,0.004361060342869042,2466.2703780049924,5578028,0
H7,4th(m5_best),2.1695932395491946,1.0,gpu_matrix_free,aer_overlap_moments_unitary_krylov_ritz,complex128/double,,16,complete,1.4479927785937516,1.4479927785937516,,0.004175565590036528,2466.2703780049924,5578028,0
H7,4th(m5_best),2.1695932395491946,1.0,gpu_matrix_free,aer_overlap_moments_unitary_krylov_ritz,complex128/double,,32,complete,1.4479918946759691,1.4479918946759691,,0.0034599660632347383,2466.2703780049924,5578028,0
H7,4th(m5_best),2.1695932395491946,1.0,gpu_matrix_free,aer_overlap_moments_unitary_krylov_ritz,complex128/double,,64,complete,1.447993335455667,1.447993335455667,,0.003614130590505777,2466.2703780049924,5578028,0
H7,4th(m5_best),2.1695932395491946,1.0,gpu_matrix_free,aer_overlap_moments_unitary_krylov_ritz,complex128/double,,96,complete,1.4479916833447102,1.4479916833447102,,0.0025168386768361353,2466.2703780049924,5578028,0
H7,4th(m5_best),2.1695932395491946,1.0,gpu_matrix_free,aer_overlap_moments_unitary_krylov_ritz,complex128/double,,8,complete,1.4479956029034682,1.4479956029034682,,0.004361060342869042,2466.2703780049924,5578028,0
H7,4th(m5_best),2.1695932395491946,1.0,gpu_matrix_free,aer_overlap_moments_unitary_krylov_ritz,complex128/double,,16,complete,1.4479927785937516,1.4479927785937516,,0.004175565590036528,2466.2703780049924,5578028,0
H7,4th(m5_best),2.1695932395491946,1.0,gpu_matrix_free,aer_overlap_moments_unitary_krylov_ritz,complex128/double,,32,complete,1.4479918946759691,1.4479918946759691,,0.0034599660632347383,2466.2703780049924,5578028,0
H7,4th(m5_best),2.1695932395491946,1.0,gpu_matrix_free,aer_overlap_moments_unitary_krylov_ritz,complex128/double,,64,complete,1.447993335455667,1.447993335455667,,0.003614130590505777,2466.2703780049924,5578028,0
H7,4th(m5_best),2.1695932395491946,1.0,gpu_matrix_free,aer_overlap_moments_unitary_krylov_ritz,complex128/double,,96,complete,1.4479916833447102,1.4479916833447102,,0.0025168386768361353,2466.2703780049924,5578028,0
H7,8th(Morales-Y8m10b),2.1931837079794474,0.5,cpu_dense,sequential_pf_construction_scipy_schur,complex128,,,complete,-6.10262431699482e-08,6.10262431699482e-08,283180157.6423726,1.7538828396791655e-11,197.65782966802362,1487500,
H7,8th(Morales-Y8m10b),3.070457191171226,0.7,cpu_dense,sequential_pf_construction_scipy_schur,complex128,,,complete,-1.8187228469912498e-06,1.8187228469912498e-06,204528295.62108722,1.451640906330268e-11,198.89167863305192,1487500,
H7,8th(Morales-Y8m10b),4.386367415958895,1.0,cpu_dense,sequential_pf_construction_scipy_schur,complex128,,,complete,-1.6835329821329736e-05,1.6835329821329736e-05,158254385.37853393,3.721823387646731e-12,195.22372859698953,1487500,
H7,8th(Morales-Y8m10b),2.1931837079794474,0.5,cpu_dense,palindromic_s2_stage_reuse_scipy_schur,complex128,,,complete,-6.10262431699482e-08,6.10262431699482e-08,283180157.6423726,1.7538828396791655e-11,101.98940319305984,1581900,
H7,8th(Morales-Y8m10b),3.070457191171226,0.7,cpu_dense,palindromic_s2_stage_reuse_scipy_schur,complex128,,,complete,-1.8187228469912498e-06,1.8187228469912498e-06,204528295.62108722,1.451640906330268e-11,104.29396955796983,1581900,
H7,8th(Morales-Y8m10b),4.386367415958895,1.0,cpu_dense,palindromic_s2_stage_reuse_scipy_schur,complex128,,,complete,-1.6835329821329736e-05,1.6835329821329736e-05,158254385.37853393,3.721823387646731e-12,101.99515411892207,1581900,
H7,8th(Morales-Y8m10b),2.1931837079794474,0.5,gpu_matrix_free,aer_overlap_moments_unitary_krylov_ritz,complex128/double,,8,complete,1.4324347349085251,1.4324347349085251,,7.440662338921576e-05,4622.452680428047,8446028,21302
H7,8th(Morales-Y8m10b),2.1931837079794474,0.5,gpu_matrix_free,aer_overlap_moments_unitary_krylov_ritz,complex128/double,,16,complete,1.4324347347673376,1.4324347347673376,,8.303123842851678e-05,4622.452680428047,8446028,21302
H7,8th(Morales-Y8m10b),2.1931837079794474,0.5,gpu_matrix_free,aer_overlap_moments_unitary_krylov_ritz,complex128/double,,32,complete,1.4324347355194784,1.4324347355194784,,6.799476921657172e-05,4622.452680428047,8446028,21302
H7,8th(Morales-Y8m10b),2.1931837079794474,0.5,gpu_matrix_free,aer_overlap_moments_unitary_krylov_ritz,complex128/double,,64,complete,1.4324347360309715,1.4324347360309715,,7.594336417310297e-05,4622.452680428047,8446028,21302
H7,8th(Morales-Y8m10b),2.1931837079794474,0.5,gpu_matrix_free,aer_overlap_moments_unitary_krylov_ritz,complex128/double,,96,complete,1.4324347363146086,1.4324347363146086,,0.00013588707714607713,4622.452680428047,8446028,21302
H7,8th(Morales-Y8m10b),2.1931837079794474,0.5,gpu_matrix_free,aer_overlap_moments_unitary_krylov_ritz,complex128/double,,8,complete,1.4324347349085251,1.4324347349085251,,7.440662338921576e-05,4622.452680428047,8446028,21302
H7,8th(Morales-Y8m10b),2.1931837079794474,0.5,gpu_matrix_free,aer_overlap_moments_unitary_krylov_ritz,complex128/double,,16,complete,1.4324347347673376,1.4324347347673376,,8.303123842851678e-05,4622.452680428047,8446028,21302
H7,8th(Morales-Y8m10b),2.1931837079794474,0.5,gpu_matrix_free,aer_overlap_moments_unitary_krylov_ritz,complex128/double,,32,complete,1.4324347354413907,1.4324347354413907,,7.555564537660629e-05,4622.452680428047,8446028,21302
H7,8th(Morales-Y8m10b),2.1931837079794474,0.5,gpu_matrix_free,aer_overlap_moments_unitary_krylov_ritz,complex128/double,,64,complete,1.4324347361871321,1.4324347361871321,,8.435245032630158e-05,4622.452680428047,8446028,21302
H7,8th(Morales-Y8m10b),2.1931837079794474,0.5,gpu_matrix_free,aer_overlap_moments_unitary_krylov_ritz,complex128/double,,96,complete,1.4324347362484515,1.4324347362484515,,0.00012329686401772253,4622.452680428047,8446028,21302
H7,8th(Morales-Y8m10b),2.1931837079794474,0.5,gpu_matrix_free,aer_overlap_moments_unitary_krylov_ritz,complex128/double,,8,complete,1.4324347349085251,1.4324347349085251,,7.440662338921576e-05,4622.452680428047,8446028,21302
H7,8th(Morales-Y8m10b),2.1931837079794474,0.5,gpu_matrix_free,aer_overlap_moments_unitary_krylov_ritz,complex128/double,,16,complete,1.4324347347673376,1.4324347347673376,,8.303123842851678e-05,4622.452680428047,8446028,21302
H7,8th(Morales-Y8m10b),2.1931837079794474,0.5,gpu_matrix_free,aer_overlap_moments_unitary_krylov_ritz,complex128/double,,32,complete,1.4324347354413907,1.4324347354413907,,7.555564537660629e-05,4622.452680428047,8446028,21302
H7,8th(Morales-Y8m10b),2.1931837079794474,0.5,gpu_matrix_free,aer_overlap_moments_unitary_krylov_ritz,complex128/double,,64,complete,1.4324347362609393,1.4324347362609393,,8.525385897380138e-05,4622.452680428047,8446028,21302
H7,8th(Morales-Y8m10b),2.1931837079794474,0.5,gpu_matrix_free,aer_overlap_moments_unitary_krylov_ritz,complex128/double,,96,complete,1.4324347363533954,1.4324347363533954,,0.00012428209044019749,4622.452680428047,8446028,21302
H7,8th(Morales-Y8m10b),3.070457191171226,0.7,gpu_matrix_free,aer_overlap_moments_unitary_krylov_ritz,complex128/double,,8,complete,-1.0231674578723577,1.0231674578723577,,0.0040057460483150014,4737.385980780004,8446028,21302
H7,8th(Morales-Y8m10b),3.070457191171226,0.7,gpu_matrix_free,aer_overlap_moments_unitary_krylov_ritz,complex128/double,,16,complete,1.0231673213611852,1.0231673213611852,,0.0026153586886769,4737.385980780004,8446028,21302
H7,8th(Morales-Y8m10b),3.070457191171226,0.7,gpu_matrix_free,aer_overlap_moments_unitary_krylov_ritz,complex128/double,,32,complete,1.0231671918550544,1.0231671918550544,,0.0036673006221851047,4737.385980780004,8446028,21302
H7,8th(Morales-Y8m10b),3.070457191171226,0.7,gpu_matrix_free,aer_overlap_moments_unitary_krylov_ritz,complex128/double,,64,complete,1.0231651096929184,1.0231651096929184,,0.0012817563104264558,4737.385980780004,8446028,21302
H7,8th(Morales-Y8m10b),3.070457191171226,0.7,gpu_matrix_free,aer_overlap_moments_unitary_krylov_ritz,complex128/double,,96,complete,1.0231657092575772,1.0231657092575772,,0.001099538133108723,4737.385980780004,8446028,21302
H7,8th(Morales-Y8m10b),3.070457191171226,0.7,gpu_matrix_free,aer_overlap_moments_unitary_krylov_ritz,complex128/double,,8,complete,-1.0231674578723577,1.0231674578723577,,0.0040057460483150014,4737.385980780004,8446028,21302
H7,8th(Morales-Y8m10b),3.070457191171226,0.7,gpu_matrix_free,aer_overlap_moments_unitary_krylov_ritz,complex128/double,,16,complete,1.0231673213611852,1.0231673213611852,,0.0026153586886769,4737.385980780004,8446028,21302
H7,8th(Morales-Y8m10b),3.070457191171226,0.7,gpu_matrix_free,aer_overlap_moments_unitary_krylov_ritz,complex128/double,,32,complete,1.0231671918550544,1.0231671918550544,,0.0036673006221851047,4737.385980780004,8446028,21302
H7,8th(Morales-Y8m10b),3.070457191171226,0.7,gpu_matrix_free,aer_overlap_moments_unitary_krylov_ritz,complex128/double,,64,complete,1.0231651096929184,1.0231651096929184,,0.0012817563104264558,4737.385980780004,8446028,21302
H7,8th(Morales-Y8m10b),3.070457191171226,0.7,gpu_matrix_free,aer_overlap_moments_unitary_krylov_ritz,complex128/double,,96,complete,1.0231657092575772,1.0231657092575772,,0.001099538133108723,4737.385980780004,8446028,21302
H7,8th(Morales-Y8m10b),3.070457191171226,0.7,gpu_matrix_free,aer_overlap_moments_unitary_krylov_ritz,complex128/double,,8,complete,-1.0231674578723577,1.0231674578723577,,0.0040057460483150014,4737.385980780004,8446028,21302
H7,8th(Morales-Y8m10b),3.070457191171226,0.7,gpu_matrix_free,aer_overlap_moments_unitary_krylov_ritz,complex128/double,,16,complete,1.0231673213611852,1.0231673213611852,,0.0026153586886769,4737.385980780004,8446028,21302
H7,8th(Morales-Y8m10b),3.070457191171226,0.7,gpu_matrix_free,aer_overlap_moments_unitary_krylov_ritz,complex128/double,,32,complete,1.0231671918550544,1.0231671918550544,,0.0036673006221851047,4737.385980780004,8446028,21302
H7,8th(Morales-Y8m10b),3.070457191171226,0.7,gpu_matrix_free,aer_overlap_moments_unitary_krylov_ritz,complex128/double,,64,complete,1.0231651096929184,1.0231651096929184,,0.0012817563104264558,4737.385980780004,8446028,21302
H7,8th(Morales-Y8m10b),3.070457191171226,0.7,gpu_matrix_free,aer_overlap_moments_unitary_krylov_ritz,complex128/double,,96,complete,1.0231657092575772,1.0231657092575772,,0.001099538133108723,4737.385980780004,8446028,21302
H7,8th(Morales-Y8m10b),4.386367415958895,1.0,gpu_matrix_free,aer_overlap_moments_unitary_krylov_ritz,complex128/double,,8,complete,0.716198945461838,0.716198945461838,,0.010025343235397726,4897.4190683930065,8446028,21302
H7,8th(Morales-Y8m10b),4.386367415958895,1.0,gpu_matrix_free,aer_overlap_moments_unitary_krylov_ritz,complex128/double,,16,complete,0.7162033040252052,0.7162033040252052,,0.010044936178851289,4897.4190683930065,8446028,21302
H7,8th(Morales-Y8m10b),4.386367415958895,1.0,gpu_matrix_free,aer_overlap_moments_unitary_krylov_ritz,complex128/double,,32,complete,0.7162087502449901,0.7162087502449901,,0.011339390832191647,4897.4190683930065,8446028,21302
H7,8th(Morales-Y8m10b),4.386367415958895,1.0,gpu_matrix_free,aer_overlap_moments_unitary_krylov_ritz,complex128/double,,64,complete,0.7162135240407315,0.7162135240407315,,0.009455441495822026,4897.4190683930065,8446028,21302
H7,8th(Morales-Y8m10b),4.386367415958895,1.0,gpu_matrix_free,aer_overlap_moments_unitary_krylov_ritz,complex128/double,,96,complete,0.7162024314063391,0.7162024314063391,,0.007901134884090256,4897.4190683930065,8446028,21302
H7,8th(Morales-Y8m10b),4.386367415958895,1.0,gpu_matrix_free,aer_overlap_moments_unitary_krylov_ritz,complex128/double,,8,complete,0.716198945461838,0.716198945461838,,0.010025343235397726,4897.4190683930065,8446028,21302
H7,8th(Morales-Y8m10b),4.386367415958895,1.0,gpu_matrix_free,aer_overlap_moments_unitary_krylov_ritz,complex128/double,,16,complete,0.7162033040252052,0.7162033040252052,,0.010044936178851289,4897.4190683930065,8446028,21302
H7,8th(Morales-Y8m10b),4.386367415958895,1.0,gpu_matrix_free,aer_overlap_moments_unitary_krylov_ritz,complex128/double,,32,complete,0.7162087502449901,0.7162087502449901,,0.011339390832191647,4897.4190683930065,8446028,21302
H7,8th(Morales-Y8m10b),4.386367415958895,1.0,gpu_matrix_free,aer_overlap_moments_unitary_krylov_ritz,complex128/double,,64,complete,0.7162135240407315,0.7162135240407315,,0.009455441495822026,4897.4190683930065,8446028,21302
H7,8th(Morales-Y8m10b),4.386367415958895,1.0,gpu_matrix_free,aer_overlap_moments_unitary_krylov_ritz,complex128/double,,96,complete,0.7162024314063391,0.7162024314063391,,0.007901134884090256,4897.4190683930065,8446028,21302
H7,8th(Morales-Y8m10b),4.386367415958895,1.0,gpu_matrix_free,aer_overlap_moments_unitary_krylov_ritz,complex128/double,,8,complete,0.716198945461838,0.716198945461838,,0.010025343235397726,4897.4190683930065,8446028,21302
H7,8th(Morales-Y8m10b),4.386367415958895,1.0,gpu_matrix_free,aer_overlap_moments_unitary_krylov_ritz,complex128/double,,16,complete,0.7162033040252052,0.7162033040252052,,0.010044936178851289,4897.4190683930065,8446028,21302
H7,8th(Morales-Y8m10b),4.386367415958895,1.0,gpu_matrix_free,aer_overlap_moments_unitary_krylov_ritz,complex128/double,,32,complete,0.7162087502449901,0.7162087502449901,,0.011339390832191647,4897.4190683930065,8446028,21302
H7,8th(Morales-Y8m10b),4.386367415958895,1.0,gpu_matrix_free,aer_overlap_moments_unitary_krylov_ritz,complex128/double,,64,complete,0.7162135240407315,0.7162135240407315,,0.009455441495822026,4897.4190683930065,8446028,21302
H7,8th(Morales-Y8m10b),4.386367415958895,1.0,gpu_matrix_free,aer_overlap_moments_unitary_krylov_ritz,complex128/double,,96,complete,0.7162024314063391,0.7162024314063391,,0.007901134884090256,4897.4190683930065,8446028,21302
