point_role,used_as_direct_truth,used_for_model_fit,used_for_cost_validation,source,time,signed_pf_eigenvalue_shift_hartree,committed_signed_shift_hartree,committed_shift_absolute_difference_hartree,ground_overlap_probability,adjacent_selected_vector_overlap_probability,phase_unwrap_integer,eigenpair_residual_2_norm,selected_phase_gap_radians,phase_gap_over_time_hartree,condition,formula,relative_to_t_ana,physical_excitation_gap_hartree,normalized_phase_gap_over_physical_gap,build_seconds
f05_diagnostic_only,False,False,False,reused_committed_point,0.006824288464710328,-3.262904613166029e-09,-3.262883030462957e-09,2.158270307173797e-14,1.0000000000000013,,0,5.303123293259431e-15,0.0038374609757405513,0.562323969097259,HF_full_eq_sto3g,yoshida4,0.1,0.5623239661768906,1.0000000051933913,0.03511646296828985
f05_diagnostic_only,False,False,False,reused_committed_point,0.013648576929420656,-5.196369556870195e-08,-5.196368011691725e-08,1.5451784697554617e-14,0.9999999999999873,0.9999999999999893,0,4.6948572511458556e-15,0.007674922546176107,0.5623240126692011,HF_full_eq_sto3g,yoshida4,0.2,0.5623239661768906,1.0000000826788706,0.03426452702842653
f05_diagnostic_only,False,False,False,reused_committed_point,0.02047286539413098,-2.610159128835221e-07,-2.6101595451229313e-07,4.1628771022561594e-14,0.9999999999996898,0.9999999999997982,0,5.313089805091144e-15,0.011512387645150373,0.5623241995451533,HF_full_eq_sto3g,yoshida4,0.3,0.5623239661768906,1.0000004150067874,0.03408757713623345
f05_diagnostic_only,False,False,False,reused_committed_point,0.02729715385884131,-8.159101057003681e-07,-8.159101517216025e-07,4.602123432994031e-14,0.9999999999968989,0.9999999999985478,0,4.652611687878058e-15,0.015349863716221736,0.5623246949333529,HF_full_eq_sto3g,yoshida4,0.4,0.5623239661768906,1.0000012959726174,0.03421320719644427
f05_diagnostic_only,False,False,False,reused_committed_point,0.03412144232355164,-1.9637993773358176e-06,-1.9637993807041004e-06,3.3682828424477177e-15,0.999999999981374,0.9999999999934728,0,4.617991166654424e-15,0.019187364550671136,0.56232571790869,HF_full_eq_sto3g,yoshida4,0.5,0.5623239661768906,1.0000031151647533,0.03472865396179259
f05_diagnostic_only,False,False,False,new_predeclared_f05_diagnostic,0.05118216348532746,-9.453337384002225e-06,,,0.9999999994951185,0.9999999996694131,0,4.903481808769743e-15,0.028781386698225865,0.5623323583512977,HF_full_eq_sto3g,yoshida4,0.75,0.5623239661768906,1.000014924091648,0.03437200584448874
f05_diagnostic_only,False,False,False,new_predeclared_f05_diagnostic,0.058006451950037785,-1.5188945340582904e-05,,,0.999999998551766,0.9999999997540316,0,4.5433405553008046e-15,0.032619198235355494,0.5623374148698341,HF_full_eq_sto3g,yoshida4,0.85,0.5623239661768906,1.000023916272029,0.03453891514800489
f05_diagnostic_only,False,False,False,new_predeclared_f05_diagnostic,0.061418596182392954,-1.881220327959454e-05,,,0.9999999976254454,0.9999999998838642,0,4.848257064592772e-15,0.03453817012128737,0.5623405982565998,HF_full_eq_sto3g,yoshida4,0.9,0.5623239661768906,1.0000295773979229,0.03443440608680248
f05_diagnostic_only,False,False,False,new_predeclared_f05_diagnostic,0.06483074041474811,-2.298950007428857e-05,,,0.9999999961651904,0.9999999998215314,0,4.491941536774059e-15,0.036457194651959214,0.5623442585836287,HF_full_eq_sto3g,yoshida4,0.95,0.5623239661768906,1.0000360866830487,0.0349622939247638
f05_diagnostic_only,False,False,False,new_predeclared_f05_diagnostic,0.06824288464710328,-2.7753738457647614e-05,,,0.9999999938713873,0.99999999972408,0,5.288802102523805e-15,0.03837627840694165,0.5623484207238976,HF_full_eq_sto3g,yoshida4,1.0,0.5623239661768906,1.000043488359874,0.03471326385624707
f05_diagnostic_only,False,False,False,new_predeclared_f05_diagnostic,0.07165502887945845,-3.3132262117874234e-05,,,0.999999990261015,0.9999999995682161,0,4.2415942259280984e-15,0.040295427887902024,0.5623531037254753,HF_full_eq_sto3g,yoshida4,1.05,0.5623239661768906,1.0000518163022338,0.034242826979607344
f05_diagnostic_only,False,False,False,new_predeclared_f05_diagnostic,0.07506717311181361,-3.9145030029885675e-05,,,0.9999999845337079,0.9999999993117763,0,4.4764425405883744e-15,0.042214649284098335,0.5623583190114142,HF_full_eq_sto3g,yoshida4,1.1,0.5623239661768906,1.0000610908241332,0.03413437702693045
f05_diagnostic_only,False,False,False,new_predeclared_f05_diagnostic,0.07847931734416877,-4.5802086070523274e-05,,,0.9999999753189378,0.9999999988752639,0,4.407783923635846e-15,0.04413394814583369,0.5623640678764513,HF_full_eq_sto3g,yoshida4,1.15,0.5623239661768906,1.0000713142280477,0.034238687017932534
f05_diagnostic_only,False,False,False,new_predeclared_f05_diagnostic,0.0853036058088791,-6.1014657752878065e-05,,,0.9999999345608568,0.9999999897378931,-1,4.0968416814365285e-15,0.047972794116925246,0.5623770960445361,HF_full_eq_sto3g,yoshida4,1.25,0.5623239661768906,1.000094482666294,0.03422243706882
f05_diagnostic_only,False,False,False,reused_committed_point,0.029774163152052547,-3.179238206030277e-09,-3.1792423495051634e-09,4.14347488632245e-15,0.999999999999954,,0,1.0879419816954628e-14,0.016742725597861247,0.5623239690183215,HF_full_eq_sto3g,current_m3,0.1,0.5623239661768906,1.000000005053014,0.06831842404790223
f05_diagnostic_only,False,False,False,reused_committed_point,0.059548326304105094,-4.763983696420837e-08,-4.763984651412271e-08,9.549914336084127e-15,0.9999999999783658,0.9999999999803342,0,9.663361879188908e-15,0.03348545354546845,0.5623240084778008,HF_full_eq_sto3g,current_m3,0.2,0.5623239661768906,1.0000000752251599,0.06831990298815072
f05_diagnostic_only,False,False,False,reused_committed_point,0.08932248945615763,-1.9120101768521636e-07,-1.9120102941335535e-07,1.1728138995757145e-14,0.9999999975950513,0.9999999980294101,-1,7.45327271799801e-15,0.05022819125663016,0.5623241309377498,HF_full_eq_sto3g,current_m3,0.3,0.5623239661768906,1.0000002929998881,0.06845055287703872
f05_diagnostic_only,False,False,False,reused_committed_point,0.11909665260821019,-1.5893645510800525e-06,-1.5893645647968623e-06,1.3716809831463487e-14,0.9999996641403548,0.9999996049561951,-1,5.906067103339882e-15,0.06697108173603505,0.5623254748926357,HF_full_eq_sto3g,current_m3,0.4,0.5623239661768906,1.0000026830009672,0.06846112292259932
f05_diagnostic_only,False,False,False,reused_committed_point,0.14887081576026273,-1.999855001599826e-06,-1.9998549957362754e-06,5.863550849017057e-15,0.9999999270529509,0.999999903590736,-1,6.12132955534015e-15,0.08371389762419534,0.5623257802187757,HF_full_eq_sto3g,current_m3,0.5,0.5623239661768906,1.0000032259729161,0.06835851282812655
f05_diagnostic_only,False,False,False,new_predeclared_f05_diagnostic,0.2233062236403941,4.984670910346267e-05,,,0.9998958134618781,0.9999011305989831,-1,6.116713707708392e-15,0.10236035924383388,0.4583856086728333,HF_full_eq_sto3g,current_m3,0.75,0.5623239661768906,0.8151628531668142,0.06832334399223328
f05_diagnostic_only,False,False,False,new_predeclared_f05_diagnostic,0.25308038679244665,-1.9896838779231985e-05,,,0.9999983294016072,0.9998687120933494,-2,5.454430969027947e-15,0.14231444298810672,0.5623290085486553,HF_full_eq_sto3g,current_m3,0.85,0.5623239661768906,1.0000089670226915,0.06778027606196702
f05_diagnostic_only,False,False,False,new_predeclared_f05_diagnostic,0.2679674683684729,-1.935028636523839e-05,,,0.9999988733203218,0.9999999235600695,-2,3.443336695325857e-15,0.15068869973310348,0.5623395281918946,HF_full_eq_sto3g,current_m3,0.9,0.5623239661768906,1.0000276744651482,0.06770432600751519
f05_diagnostic_only,False,False,False,new_predeclared_f05_diagnostic,0.28285454994449916,-1.881719897056655e-05,,,0.9999987717136457,0.999999994612548,-2,3.904315459797803e-15,0.15906018131008307,0.5623391292142671,HF_full_eq_sto3g,current_m3,0.95,0.5623239661768906,1.0000269649495461,0.0677333059720695
f05_diagnostic_only,False,False,False,new_predeclared_f05_diagnostic,0.29774163152052546,-1.628680620058276e-05,,,0.9999980233712946,0.9999999033289729,-2,4.6278640272460474e-15,0.16743092962585712,0.5623363073911111,HF_full_eq_sto3g,current_m3,1.0,0.5623239661768906,1.000021946804623,0.06761139701120555
f05_diagnostic_only,False,False,False,new_predeclared_f05_diagnostic,0.31262871309655177,-7.1745378491527845e-06,,,0.9999948574218026,0.9999992311813876,-2,5.4899403276713396e-15,0.1757994893013575,0.5623267535476303,HF_full_eq_sto3g,current_m3,1.05,0.5623239661768906,1.0000049568770093,0.0676673068664968
f05_diagnostic_only,False,False,False,new_predeclared_f05_diagnostic,0.327515794672578,3.607009939088357e-05,,,0.999964924098542,0.9999865187813564,-2,4.771227214575823e-15,0.18415655928111122,0.562282986886831,HF_full_eq_sto3g,current_m3,1.1,0.5623239661768906,0.9999271251226615,0.06754223699681461
f05_diagnostic_only,False,False,False,new_predeclared_f05_diagnostic,0.34240287624860427,-0.0002808853863811578,,,0.9995941843141484,0.9993215238350771,-2,5.141617447850824e-15,0.19263564452902282,0.5625993760319882,HF_full_eq_sto3g,current_m3,1.15,0.5623239661768906,1.0004897707934628,0.06746331788599491
f05_diagnostic_only,False,False,False,new_predeclared_f05_diagnostic,0.37217703940065683,-7.794360649882037e-05,,,0.9999857263934582,0.9997306641415604,-2,5.598850842592368e-15,0.20931062269481354,0.5623953133484035,HF_full_eq_sto3g,current_m3,1.25,0.5623239661768906,1.00012687912272,0.06742351804859936
f05_diagnostic_only,False,False,False,reused_committed_point,0.009444520605881988,-3.256971581322432e-09,-3.256980164480237e-09,8.58315780517261e-15,1.0000000000000013,,0,3.550960136318487e-15,0.0016545952872636179,0.17519102941372655,HF_full_stretch150_sto3g,yoshida4,0.1,0.17519102632640227,1.0000000176226165,0.03369419905357063
f05_diagnostic_only,False,False,False,reused_committed_point,0.018889041211763977,-5.1653820776209614e-08,-5.165379671556304e-08,2.4060646574057183e-14,0.9999999999999261,0.9999999999999369,0,3.693813656588375e-15,0.003309191440786378,0.17519107527413483,HF_full_stretch150_sto3g,yoshida4,0.2,0.17519102632640227,1.0000002793963458,0.03372087888419628
f05_diagnostic_only,False,False,False,reused_committed_point,0.028333561817645965,-2.57663096192573e-07,-2.5766310939127516e-07,1.3198702171061575e-14,0.9999999999981752,0.9999999999988258,0,3.1761508663993746e-15,0.004963792688856671,0.17519127036704762,HF_full_stretch150_sto3g,yoshida4,0.3,0.17519102632640227,1.0000013929974068,0.0336739388294518
f05_diagnostic_only,False,False,False,reused_committed_point,0.03777808242352795,-7.975463134357597e-07,-7.975463224515469e-07,9.015787244476606e-15,0.9999999999819522,0.9999999999915978,0,3.858401738445717e-15,0.006618409548545528,0.17519178115889822,HF_full_stretch150_sto3g,yoshida4,0.4,0.17519102632640227,1.0000043086253434,0.03366240905597806
f05_diagnostic_only,False,False,False,reused_committed_point,0.04722260302940994,-1.8950618070334713e-06,-1.8950618125939861e-06,5.5605148594997005e-15,0.9999999998929778,0.9999999999627325,0,3.5426453953142196e-15,0.008273060906081056,0.1751928181707528,HF_full_stretch150_sto3g,yoshida4,0.5,0.17519102632640227,1.0000102279459633,0.03365421900525689
f05_diagnostic_only,False,False,False,new_predeclared_f05_diagnostic,0.07083390454411491,-8.699390789956851e-06,,,0.9999999969821296,0.9999999979870537,0,3.1799135056830796e-15,0.01241004495042083,0.17519922176098499,HF_full_stretch150_sto3g,yoshida4,0.75,0.17519102632640227,1.0000467799907025,0.03370292903855443
f05_diagnostic_only,False,False,False,new_predeclared_f05_diagnostic,0.0802784251499969,-1.360219415857955e-05,,,0.9999999902685925,0.9999999979784673,0,3.733022085248585e-15,0.014065086161504297,0.17520381267101676,HF_full_stretch150_sto3g,yoshida4,0.85,0.17519102632640227,1.000072985157303,0.03375620883889496
f05_diagnostic_only,False,False,False,new_predeclared_f05_diagnostic,0.0850006854529379,-1.6572323502828112e-05,,,0.9999999821203581,0.9999999986667518,-1,3.3451261183525136e-15,0.014892679726446522,0.175206583889163,HF_full_stretch150_sto3g,yoshida4,0.9,0.17519102632640227,1.0000888034226807,0.03373658796772361
f05_diagnostic_only,False,False,False,new_predeclared_f05_diagnostic,0.08972294575587889,-1.9864837589977924e-05,,,0.9999999656062618,0.9999999970732218,-1,3.4036693897209697e-15,0.015720325506801656,0.17520964536289335,HF_full_stretch150_sto3g,yoshida4,0.95,0.17519102632640227,1.0001062784828738,0.03378532896749675
f05_diagnostic_only,False,False,False,new_predeclared_f05_diagnostic,0.09444520605881988,-2.3415198761256306e-05,,,0.99999992827199,0.9999999926048129,-1,3.176306694652114e-15,0.016548021280275705,0.17521293002388816,HF_full_stretch150_sto3g,yoshida4,1.0,0.17519102632640227,1.0001250275082303,0.03391594812273979
f05_diagnostic_only,False,False,False,new_predeclared_f05_diagnostic,0.09916746636176088,-2.7058149612457782e-05,,,0.9999998285494782,0.9999999770481088,-1,2.9901923902317702e-15,0.01737575358050601,0.17521627019409386,HF_full_stretch150_sto3g,yoshida4,1.05,0.17519102632640227,1.000144093383211,0.033765187952667475
f05_diagnostic_only,False,False,False,new_predeclared_f05_diagnostic,0.10388972666470188,-3.029715534097477e-05,,,0.9999994758387004,0.9999998994613714,-1,3.4289529397781e-15,0.01820347137294164,0.1752191670663674,HF_full_stretch150_sto3g,yoshida4,1.1,0.17519102632640227,1.0001606288892486,0.03773691086098552
f05_diagnostic_only,False,False,False,new_predeclared_f05_diagnostic,0.10861198696764286,-3.074930227597861e-05,,,0.9999971678932741,0.9999990627748749,-1,3.5514749172042533e-15,0.01903090933839641,0.1752192356453805,HF_full_stretch150_sto3g,yoshida4,1.15,0.17519102632640227,1.000161020342022,0.03375506796874106
f05_diagnostic_only,False,False,False,new_predeclared_f05_diagnostic,0.11805650757352486,-6.309774371970889e-05,,,0.9999930248964702,0.9999815127172611,-1,3.472500810453942e-15,0.020689483871385677,0.17525068542706462,HF_full_stretch150_sto3g,yoshida4,1.25,0.17519102632640227,1.0003405374231396,0.033773228991776705
f05_diagnostic_only,False,False,False,reused_committed_point,0.0411991164890432,-3.128626246962085e-09,-3.128634312366871e-09,8.065404786050621e-15,0.9999999999998208,,0,6.5578376764820224e-15,0.007217715623517182,0.17519102928910416,HF_full_stretch150_sto3g,current_m3,0.1,0.17519102632640227,1.000000016911265,0.06679930002428591
f05_diagnostic_only,False,False,False,reused_committed_point,0.0823982329780864,-4.2449599391147785e-08,-4.2449609091477207e-08,9.700329421153586e-15,0.9999999998208391,0.9999999998319677,0,6.26783610255128e-15,0.014435434290960421,0.17519106623074657,HF_full_stretch150_sto3g,current_m3,0.2,0.17519102632640227,1.0000002277761888,0.0669660191051662
f05_diagnostic_only,False,False,False,reused_committed_point,0.12359734946712961,-3.8263912927050114e-07,-3.8263912665369397e-07,2.6168071759840824e-15,0.9999999572659062,0.9999999515939108,-1,5.940008835400192e-15,0.021653192336737726,0.17519139714639542,HF_full_stretch150_sto3g,current_m3,0.3,0.17519102632640227,1.0000021166608868,0.06700807996094227
f05_diagnostic_only,False,False,False,reused_committed_point,0.1647964659561728,-6.976394359980986e-07,-6.976394419309256e-07,5.932826920915907e-15,0.9999999745778555,0.9999999966415141,-1,5.817399431125383e-15,0.028870971857979807,0.17519169291930062,HF_full_stretch150_sto3g,current_m3,0.4,0.17519102632640227,1.000003804948874,0.06694330018945038
f05_diagnostic_only,False,False,False,reused_committed_point,0.205995582445216,-5.145824601981985e-07,-5.145824538489088e-07,6.349289727674797e-15,0.9999997095712403,0.999999852584034,-1,4.664915021463889e-15,0.03608867586265738,0.17519150378991777,HF_full_stretch150_sto3g,current_m3,0.5,0.17519102632640227,1.0000027253879695,0.06724152900278568
f05_diagnostic_only,False,False,False,new_predeclared_f05_diagnostic,0.30899337366782403,-3.995845112569896e-06,,,0.9999990466145093,0.9999977059461743,-2,3.1473207748610267e-15,0.054133906650292364,0.17519439335449222,HF_full_stretch150_sto3g,current_m3,0.75,0.17519102632640227,1.0000192191812591,0.0672332588583231
f05_diagnostic_only,False,False,False,new_predeclared_f05_diagnostic,0.3501924901568672,-3.698913376126711e-05,,,0.9999799537954952,0.9999713988273673,-2,4.078864383453564e-15,0.06136327762070571,0.17522728026868392,HF_full_stretch150_sto3g,current_m3,0.85,0.17519102632640227,1.0002069394936595,0.06711658905260265
f05_diagnostic_only,False,False,False,new_predeclared_f05_diagnostic,0.37079204840138885,-2.132124809151037e-05,,,0.9999958286468313,0.9999937503417105,-2,4.542233275259356e-15,0.06496706382418341,0.17521158855557611,HF_full_stretch150_sto3g,current_m3,0.9,0.17519102632640227,1.0001173703334298,0.06733190780505538
f05_diagnostic_only,False,False,False,new_predeclared_f05_diagnostic,0.3913916066459104,-1.757305304295187e-05,,,0.9999963157451596,0.9999999236613041,-2,4.6987376284290055e-15,0.06857489412258969,0.17520788120688796,HF_full_stretch150_sto3g,current_m3,0.95,0.17519102632640227,1.0000962085835052,0.06723419902846217
f05_diagnostic_only,False,False,False,new_predeclared_f05_diagnostic,0.411991164890432,-1.2458639268686511e-05,,,0.9999941863959333,0.999999726855425,-2,4.311796641146639e-15,0.07218206387302316,0.17520294128690792,HF_full_stretch150_sto3g,current_m3,1.0,0.17519102632640227,1.000068011248952,0.06734042800962925
f05_diagnostic_only,False,False,False,new_predeclared_f05_diagnostic,0.43259072313495367,3.891613381767911e-06,,,0.9999817537185179,0.9999965078425505,-3,4.191332506009683e-15,0.0757842965136745,0.17518705894678274,HF_full_stretch150_sto3g,current_m3,1.05,0.17519102632640227,0.9999773539792379,0.06751014804467559
f05_diagnostic_only,False,False,False,new_predeclared_f05_diagnostic,0.45319028137947526,0.0014075945851530491,,,0.9754537496768746,0.9767381596284891,-3,4.372103614902052e-15,0.02670840085044205,0.058934187134692735,HF_full_stretch150_sto3g,current_m3,1.1,0.17519102632640227,0.3363995769103558,0.06732744816690683
f05_diagnostic_only,False,False,False,new_predeclared_f05_diagnostic,0.4737898396239968,-7.361716125586781e-05,,,0.9999716546623326,0.9741314199803114,-3,3.792001189651769e-15,0.08303955696003819,0.17526664781570456,HF_full_stretch150_sto3g,current_m3,1.15,0.17519102632640227,1.0004316516141722,0.06736112805083394
f05_diagnostic_only,False,False,False,new_predeclared_f05_diagnostic,0.5149889561130401,-4.809287560192388e-05,,,0.9999955174596209,0.9999799935731342,-3,3.0222549438926768e-15,0.09023688625838017,0.17522101238725044,HF_full_stretch150_sto3g,current_m3,1.25,0.17519102632640227,1.0001711620821965,0.06741245812736452
