condition,direction_id,target_energy_error_hartree,state_count,energy_error_spread_hartree,variance_spread_hartree2,residual_spread,overlap_probability_spread,selected_formulae,selection_changes_with_phase,maximum_direct_formula_choice_regret,current_m3_relative_time_span,yoshida4_relative_time_span,current_m3_relative_model_cost_span,yoshida4_relative_model_cost_span,constructive_counterexample
N2_active_eq_sto3g,cisd_orthogonal_component,0.001,4,8.881784197001252e-16,0.0,0.0,0.0,current_m3,False,0.0,0.07538903157576668,0.007520284979220214,0.06504673630908586,0.007594375037356471,True
N2_active_eq_sto3g,cisd_orthogonal_component,0.005,4,1.7763568394002505e-15,1.7763568394002505e-14,6.847300504375653e-14,4.440892098500626e-16,current_m3,False,0.0,0.18944244885210063,0.016991255961844264,0.15939332590892147,0.017080114115703336,True
N2_active_eq_sto3g,cisd_orthogonal_component,0.01,4,2.6645352591003757e-15,1.4210854715202004e-14,3.8746783559417963e-14,4.440892098500626e-16,current_m3,False,0.0,0.3168332624415141,0.024064570773753246,0.25333551505246216,0.02427373496213769,True
N2_active_eq_sto3g,cisd_orthogonal_component,0.05,4,2.6645352591003757e-15,2.842170943040401e-14,3.4861002973229915e-14,0.0,current_m3,False,0.0,1.0447574690446437,0.055351481910129244,1.1634131712825677,0.055725194907323826,True
N2_active_eq_sto3g,rhf_orthogonal_component,0.001,4,8.881784197001252e-16,7.105427357601002e-15,7.364941989607132e-14,2.220446049250313e-16,current_m3,False,0.0,0.6976504980511046,0.00876281004010074,1.084858058604322,0.008831219483320054,True
N2_active_eq_sto3g,rhf_orthogonal_component,0.005,4,8.881784197001252e-16,7.105427357601002e-15,3.2959746043559335e-14,0.0,current_m3,False,0.0,1.0953378732320584,0.019755175159235472,0.6756524038093895,0.01985599028387858,True
N2_active_eq_sto3g,rhf_orthogonal_component,0.01,4,1.7763568394002505e-15,1.0658141036401503e-14,3.499978085130806e-14,2.220446049250313e-16,current_m3,False,0.0,1.1136858664085183,0.028067722119562634,1.5629583097522395,0.028197181097895603,True
N2_active_eq_sto3g,rhf_orthogonal_component,0.05,4,0.0,3.552713678800501e-15,5.2735593669694936e-15,2.220446049250313e-16,current_m3,False,0.0,1.0419636852723608,0.06380069876955807,1.4634130485155028,0.06417407475679415,True
N2_active_stretch150_sto3g,cisd_orthogonal_component,0.001,4,8.881784197001252e-16,5.329070518200751e-15,6.432354648922001e-14,0.0,current_m3,False,0.0,0.2187398856403064,0.013698630136986337,0.17569967500017133,0.013716844453739961,True
N2_active_stretch150_sto3g,cisd_orthogonal_component,0.005,4,1.3322676295501878e-15,8.881784197001252e-15,4.8003268027230206e-14,6.661338147750939e-16,current_m3,False,0.0,0.958520566885586,0.030871858516909847,1.426718376798556,0.030921973809989116,True
N2_active_stretch150_sto3g,cisd_orthogonal_component,0.01,4,2.220446049250313e-15,1.0658141036401503e-14,4.08006961549745e-14,2.220446049250313e-16,current_m3,False,0.0,0.8207400311339961,0.043944042851942366,1.24781389918282,0.04399001913071379,True
N2_active_stretch150_sto3g,cisd_orthogonal_component,0.05,4,8.881784197001252e-16,3.552713678800501e-15,6.161737786669619e-15,2.220446049250313e-16,current_m3,False,0.0,0.7188231360748911,0.10062157998193672,1.0369267975002316,0.10064309526123036,True
N2_active_stretch150_sto3g,rhf_orthogonal_component,0.001,4,8.881784197001252e-16,8.881784197001252e-15,1.0373646386341306e-13,2.220446049250313e-16,current_m3,False,0.0,0.8922428719843013,0.016744568288047795,1.3210703439077267,0.016803291788429247,True
N2_active_stretch150_sto3g,rhf_orthogonal_component,0.005,4,1.7763568394002505e-15,7.105427357601002e-15,3.71508379615193e-14,6.661338147750939e-16,current_m3,False,0.0,0.6825047199496536,0.03796747125246035,1.0492458657546235,0.03814906624623363,True
N2_active_stretch150_sto3g,rhf_orthogonal_component,0.01,4,1.3322676295501878e-15,7.105427357601002e-15,2.631228568361621e-14,2.220446049250313e-16,current_m3,False,0.0,0.6406846609611587,0.05442141443599646,0.9955465021696283,0.05471220788646045,True
N2_active_stretch150_sto3g,rhf_orthogonal_component,0.05,4,1.7763568394002505e-15,1.4210854715202004e-14,2.3814283878209608e-14,6.661338147750939e-16,current_m3,False,0.0,0.6528709917971665,0.13332275635940563,1.01749736031746,0.13360498441671192,True
CO_active_eq_sto3g,cisd_orthogonal_component,0.001,4,2.6645352591003757e-15,2.1316282072803006e-14,1.794189796733292e-13,4.440892098500626e-16,current_m3,False,0.0,0.0982905982905985,0.0076818798011747316,0.07815188833540682,0.00758491601594153,True
CO_active_eq_sto3g,cisd_orthogonal_component,0.005,4,1.7763568394002505e-15,2.842170943040401e-14,1.0705325514948072e-13,2.220446049250313e-16,current_m3,False,0.0,0.2812232219365894,0.017339583648369197,0.2044936530631385,0.017081218641447637,True
CO_active_eq_sto3g,cisd_orthogonal_component,0.01,4,1.7763568394002505e-15,2.1316282072803006e-14,5.6815663285192386e-14,2.220446049250313e-16,current_m3,False,0.0,0.9758507135016465,0.02466016473798582,1.2092601810274692,0.024315659570286252,True
CO_active_eq_sto3g,cisd_orthogonal_component,0.05,4,8.881784197001252e-16,7.105427357601002e-15,8.548717289613705e-15,2.220446049250313e-16,current_m3,False,0.0,0.49393455234037537,0.0574104234527686,0.6545805792218623,0.05660725497980996,True
CO_active_eq_sto3g,rhf_orthogonal_component,0.001,4,1.7763568394002505e-15,2.1316282072803006e-14,2.278732758043134e-13,4.440892098500626e-16,current_m3,False,0.0,0.7082166968549316,0.0065244667503137265,1.098344608903245,0.006547399232380849,True
CO_active_eq_sto3g,rhf_orthogonal_component,0.005,4,8.881784197001252e-16,2.1316282072803006e-14,1.0200174038743626e-13,2.220446049250313e-16,current_m3,False,0.0,1.1043719393474543,0.014611043933897625,1.5614467433432986,0.014688450648976352,True
CO_active_eq_sto3g,rhf_orthogonal_component,0.01,4,2.6645352591003757e-15,2.1316282072803006e-14,7.21922521762508e-14,2.220446049250313e-16,current_m3,False,0.0,1.0122033482553503,0.02066491511721911,1.4409285319539058,0.02081556587091027,True
CO_active_eq_sto3g,rhf_orthogonal_component,0.05,4,1.7763568394002505e-15,2.1316282072803006e-14,3.2585045772748344e-14,4.440892098500626e-16,current_m3,False,0.0,0.9330335853941003,0.046390435804424396,1.332977756511528,0.04676942831344906,True
CO_active_stretch150_sto3g,cisd_orthogonal_component,0.001,4,0.0,7.105427357601002e-15,8.157363673433338e-14,4.440892098500626e-16,current_m3,False,0.0,0.05792113285475475,0.01821931935372967,0.05687490670167832,0.017087699445376435,True
CO_active_stretch150_sto3g,cisd_orthogonal_component,0.005,4,8.881784197001252e-16,1.0658141036401503e-14,5.477562847744366e-14,4.440892098500626e-16,current_m3,False,0.0,0.1254268385913053,0.041986054102171017,0.12706951610356207,0.039249545840016845,True
CO_active_stretch150_sto3g,cisd_orthogonal_component,0.01,4,1.7763568394002505e-15,1.4210854715202004e-14,5.1708637371916666e-14,0.0,current_m3,False,0.0,0.16745961206671198,0.061175886876705415,0.17621837998457018,0.057151944548339675,True
CO_active_stretch150_sto3g,cisd_orthogonal_component,0.05,4,8.881784197001252e-16,1.4210854715202004e-14,2.3370194668359545e-14,6.661338147750939e-16,current_m3,False,0.0,0.24897166361974402,0.1769942139360072,0.3180714947947457,0.16268881114172684,True
CO_active_stretch150_sto3g,rhf_orthogonal_component,0.001,4,8.881784197001252e-16,3.552713678800501e-15,5.154210391822289e-14,4.440892098500626e-16,current_m3,False,0.0,0.8266261970799101,0.00649382354377212,1.250589847070039,0.0068380234869817695,True
CO_active_stretch150_sto3g,rhf_orthogonal_component,0.005,4,3.552713678800501e-15,2.1316282072803006e-14,1.3854195568541172e-13,4.440892098500626e-16,current_m3,False,0.0,1.0133102175493538,0.014740335806325717,0.6324580634245379,0.015556575808613303,True
CO_active_stretch150_sto3g,rhf_orthogonal_component,0.01,4,1.7763568394002505e-15,1.0658141036401503e-14,4.9085735476239734e-14,4.440892098500626e-16,current_m3,False,0.0,1.0475831691202036,0.021228941474340082,1.4856229381783757,0.02244256749198556,True
CO_active_stretch150_sto3g,rhf_orthogonal_component,0.05,4,3.552713678800501e-15,2.1316282072803006e-14,4.465872116554692e-14,4.440892098500626e-16,current_m3,False,0.0,0.9759780807952083,0.05499576231283552,1.3759002254936072,0.05917880231704343,True
