condition,formula,excited_state_index,excited_energy_hartree,excitation_gap_hartree,d4_coupling_real,d4_coupling_imaginary,d4_coupling_absolute,mixing_contribution_hartree
HF_full_eq_sto3g,yoshida4,1,-37.28198891050632,0.5623239661768622,0.014036210973473889,0.0,0.014036210973473889,-0.00035035892179972205
HF_full_eq_sto3g,yoshida4,2,-36.97755812803661,0.8667547486465708,-0.20661033386705174,0.0,0.20661033386705174,-0.04925018308502056
HF_full_eq_sto3g,yoshida4,3,-36.6291610164813,1.2151518602018854,-1.0133625702746155e-16,0.0,1.0133625702746155e-16,-8.450826044597958e-33
HF_full_eq_sto3g,yoshida4,4,-36.52162027628483,1.322692600398355,-2.1699459219656245e-06,0.0,2.1699459219656245e-06,-3.559909008969383e-12
HF_full_eq_sto3g,yoshida4,5,-36.52162027628481,1.3226926003983763,-0.00016797111682584603,0.0,0.00016797111682584603,-2.1330954810833803e-08
HF_full_eq_sto3g,yoshida4,6,-36.502645495210395,1.3416673814727886,-0.746578007447954,0.0,0.746578007447954,-0.415437334843086
HF_full_eq_sto3g,yoshida4,7,-36.41307291398669,1.4312399626964947,-0.005603766532100567,0.0,0.005603766532100567,-2.194055515828934e-05
HF_full_eq_sto3g,yoshida4,8,-36.288329359384655,1.5559835172985288,3.1193983149726283,0.0,3.1193983149726283,-6.2536946820286685
HF_full_eq_sto3g,yoshida4,9,-36.15637428576388,1.6879385909193019,-1.2190292738927848,0.0,1.2190292738927848,-0.8803829585993602
HF_full_eq_sto3g,yoshida4,10,-35.61300376176041,2.231309114922773,-0.010618769059420954,0.0,0.010618769059420954,-5.053457433719057e-05
HF_full_eq_sto3g,yoshida4,11,-35.2504423210094,2.5938705556737816,-0.7003840704465868,0.0,0.7003840704465868,-0.18911423511953462
HF_full_eq_sto3g,yoshida4,12,-34.49478032802537,3.3495325486578125,5.324598131708866,0.0,5.324598131708866,-8.464269223345266
HF_full_eq_sto3g,yoshida4,13,-12.312182046342423,25.532130830340762,-0.13609131632895788,0.0,0.13609131632895788,-0.0007253936815230274
HF_full_eq_sto3g,yoshida4,14,-12.286633313255054,25.55767956342813,-5.841655398855627,0.0,5.841655398855627,-1.3352126790027652
HF_full_eq_sto3g,yoshida4,15,-11.2091827181014,26.63513015858178,0.1964224265968292,0.0,0.1964224265968292,-0.0014485294211245216
HF_full_eq_sto3g,yoshida4,16,-11.154773243101507,26.689539633581674,1.5247429008168996,0.0,1.5247429008168996,-0.08710681958209353
HF_full_eq_sto3g,yoshida4,17,-10.329897935902862,27.51441494078032,-0.08112349154270793,0.0,0.08112349154270793,-0.00023918447454704134
HF_full_eq_sto3g,yoshida4,18,-10.178508211340208,27.665804665342975,-12.851930179936234,0.0,12.851930179936234,-5.970262255081535
HF_full_eq_sto3g,yoshida4,19,17.827463322291386,55.67177619897457,83.32485555526944,0.0,83.32485555526944,-124.71367050499101
HF_full_eq_sto3g,current_m3,1,-37.28198891050632,0.5623239661768622,2.9033350783909296e-05,0.0,2.9033350783909296e-05,-1.4990210420382588e-09
HF_full_eq_sto3g,current_m3,2,-36.97755812803661,0.8667547486465708,-0.0005013465749380162,0.0,0.0005013465749380162,-2.8998789864671407e-07
HF_full_eq_sto3g,current_m3,3,-36.6291610164813,1.2151518602018854,-3.2545354473210244e-19,0.0,3.2545354473210244e-19,-8.716606808394553e-38
HF_full_eq_sto3g,current_m3,4,-36.52162027628483,1.322692600398355,9.024850776122696e-08,0.0,9.024850776122696e-08,-6.1577369909495806e-15
HF_full_eq_sto3g,current_m3,5,-36.52162027628481,1.3226926003983763,6.985954113949787e-06,0.0,6.985954113949787e-06,-3.689712550558838e-11
HF_full_eq_sto3g,current_m3,6,-36.502645495210395,1.3416673814727886,-0.0019438013654154264,0.0,0.0019438013654154264,-2.8161702373976275e-06
HF_full_eq_sto3g,current_m3,7,-36.41307291398669,1.4312399626964947,-6.365001111412131e-06,0.0,6.365001111412131e-06,-2.8306391803055604e-11
HF_full_eq_sto3g,current_m3,8,-36.288329359384655,1.5559835172985288,0.008639736402018445,0.0,0.008639736402018445,-4.797290219755029e-05
HF_full_eq_sto3g,current_m3,9,-36.15637428576388,1.6879385909193019,-0.003588227034954216,0.0,0.003588227034954216,-7.627868290732076e-06
HF_full_eq_sto3g,current_m3,10,-35.61300376176041,2.231309114922773,-1.4512298966615156e-06,0.0,1.4512298966615156e-06,-9.438711108555148e-13
HF_full_eq_sto3g,current_m3,11,-35.2504423210094,2.5938705556737816,-0.0018176637644842183,0.0,0.0018176637644842183,-1.2737341705398715e-06
HF_full_eq_sto3g,current_m3,12,-34.49478032802537,3.3495325486578125,0.014716636556146453,0.0,0.014716636556146453,-6.46595870855148e-05
HF_full_eq_sto3g,current_m3,13,-12.312182046342423,25.532130830340762,-0.0030188547645562066,0.0,0.0030188547645562066,-3.5694177466198097e-07
HF_full_eq_sto3g,current_m3,14,-12.286633313255054,25.55767956342813,-0.07967037460379385,0.0,0.07967037460379385,-0.00024835465104553676
HF_full_eq_sto3g,current_m3,15,-11.2091827181014,26.63513015858178,0.004615612673695245,0.0,0.004615612673695245,-7.998414209630624e-07
HF_full_eq_sto3g,current_m3,16,-11.154773243101507,26.689539633581674,0.05082696922337074,0.0,0.05082696922337074,-9.679375650162882e-05
HF_full_eq_sto3g,current_m3,17,-10.329897935902862,27.51441494078032,-0.00218066760856478,0.0,0.00218066760856478,-1.7282981409121593e-07
HF_full_eq_sto3g,current_m3,18,-10.178508211340208,27.665804665342975,0.5913264902906566,0.0,0.5913264902906566,-0.012638960707963604
HF_full_eq_sto3g,current_m3,19,17.827463322291386,55.67177619897457,14.04028015547512,0.0,14.04028015547512,-3.5409228931312495
HF_full_stretch150_sto3g,yoshida4,1,-37.099293777765546,0.1751910263264449,-0.009447145136530704,0.0,0.009447145136530704,-0.0005094356320761149
HF_full_stretch150_sto3g,yoshida4,2,-36.63742481906293,0.6370599850290617,-0.2567513082970259,0.0,0.2567513082970259,-0.10347727978743983
HF_full_stretch150_sto3g,yoshida4,3,-36.5868518204804,0.6876329836115929,1.9557547567055793e-14,0.0,1.9557547567055793e-14,-5.562526463298661e-28
HF_full_stretch150_sto3g,yoshida4,4,-36.47931108028391,0.7951737238080838,-0.0014671307274719521,0.0,0.0014671307274719521,-2.706921150744515e-06
HF_full_stretch150_sto3g,yoshida4,5,-36.479311080283885,0.7951737238081051,0.0004781556739052398,0.0,0.0004781556739052398,-2.875256584093927e-07
HF_full_stretch150_sto3g,yoshida4,6,-36.45530889565574,0.8191759084362502,-0.4491325944048544,0.0,0.4491325944048544,-0.24624758282003809
HF_full_stretch150_sto3g,yoshida4,7,-36.36095851718717,0.9135262869048191,-1.349144337022361,0.0,1.349144337022361,-1.9924883040712686
HF_full_stretch150_sto3g,yoshida4,8,-36.174552333947986,1.0999324701440045,0.0023157313568252557,0.0,0.0023157313568252557,-4.875400865547373e-06
HF_full_stretch150_sto3g,yoshida4,9,-36.08688271546788,1.1876020886241108,0.6245129537903515,0.0,0.6245129537903515,-0.3284066550470629
HF_full_stretch150_sto3g,yoshida4,10,-35.697836944101105,1.576647859990885,-0.003351159153255317,0.0,0.003351159153255317,-7.122876296874445e-06
HF_full_stretch150_sto3g,yoshida4,11,-35.33770250334586,1.9367823007461311,0.06740796850517329,0.0,0.06740796850517329,-0.0023460738030515642
HF_full_stretch150_sto3g,yoshida4,12,-34.506208631112834,2.7682761729791565,-2.752233191064602,0.0,2.752233191064602,-2.736283182991033
HF_full_stretch150_sto3g,yoshida4,13,-12.046673934097313,25.227810869994677,-0.07871323311257009,0.0,0.07871323311257009,-0.00024559297273006337
HF_full_stretch150_sto3g,yoshida4,14,-12.039947287452708,25.234537516639282,1.9453448537857818,0.0,1.9453448537857818,-0.1499677415389709
HF_full_stretch150_sto3g,yoshida4,15,-11.153333136606225,26.121151667485766,0.14212313051393302,0.0,0.14212313051393302,-0.0007732807681762008
HF_full_stretch150_sto3g,yoshida4,16,-11.095885319988747,26.178599484103245,-0.781094488664691,0.0,0.781094488664691,-0.023305624145128122
HF_full_stretch150_sto3g,yoshida4,17,-10.228297642582078,27.046187161509913,-0.024079172683553727,0.0,0.024079172683553727,-2.143764493168696e-05
HF_full_stretch150_sto3g,yoshida4,18,-10.078243882586774,27.196240921505215,5.098023540996719,0.0,5.098023540996719,-0.9556410424355911
HF_full_stretch150_sto3g,yoshida4,19,18.040561484111993,55.31504628820399,-39.91451787095065,0.0,39.91451787095065,-28.80172473452642
HF_full_stretch150_sto3g,current_m3,1,-37.099293777765546,0.1751910263264449,-2.535370424096922e-05,0.0,2.535370424096922e-05,-3.6691966033736804e-09
HF_full_stretch150_sto3g,current_m3,2,-36.63742481906293,0.6370599850290617,-0.0006908696482817889,0.0,0.0006908696482817889,-7.492243778193492e-07
HF_full_stretch150_sto3g,current_m3,3,-36.5868518204804,0.6876329836115929,5.308505925481494e-17,0.0,5.308505925481494e-17,-4.098150587958073e-33
HF_full_stretch150_sto3g,current_m3,4,-36.47931108028391,0.7951737238080838,-1.56075411824637e-06,0.0,1.56075411824637e-06,-3.063422928460504e-12
HF_full_stretch150_sto3g,current_m3,5,-36.479311080283885,0.7951737238081051,5.086686707511896e-07,0.0,5.086686707511896e-07,-3.2539281525130394e-13
HF_full_stretch150_sto3g,current_m3,6,-36.45530889565574,0.8191759084362502,-0.001206237005666095,0.0,0.001206237005666095,-1.7761846983706042e-06
HF_full_stretch150_sto3g,current_m3,7,-36.36095851718717,0.9135262869048191,-0.0036813530715507515,0.0,0.0036813530715507515,-1.4835216710986864e-05
HF_full_stretch150_sto3g,current_m3,8,-36.174552333947986,1.0999324701440045,8.522695397170625e-06,0.0,8.522695397170625e-06,-6.603708755269651e-11
HF_full_stretch150_sto3g,current_m3,9,-36.08688271546788,1.1876020886241108,0.0018244526606541857,0.0,0.0018244526606541857,-2.8028137899492063e-06
HF_full_stretch150_sto3g,current_m3,10,-35.697836944101105,1.576647859990885,5.591465474999934e-06,0.0,5.591465474999934e-06,-1.982972035258208e-11
HF_full_stretch150_sto3g,current_m3,11,-35.33770250334586,1.9367823007461311,0.00028794200713740104,0.0,0.00028794200713740104,-4.2808424799407975e-08
HF_full_stretch150_sto3g,current_m3,12,-34.506208631112834,2.7682761729791565,-0.007330866699267184,0.0,0.007330866699267184,-1.9413383349172503e-05
HF_full_stretch150_sto3g,current_m3,13,-12.046673934097313,25.227810869994677,-0.0017260785494928625,0.0,0.0017260785494928625,-1.1809772850972751e-07
HF_full_stretch150_sto3g,current_m3,14,-12.039947287452708,25.234537516639282,0.10221488873970118,0.0,0.10221488873970118,-0.00041403110610528567
HF_full_stretch150_sto3g,current_m3,15,-11.153333136606225,26.121151667485766,0.0033229406938210214,0.0,0.0033229406938210214,-4.227200620865484e-07
HF_full_stretch150_sto3g,current_m3,16,-11.095885319988747,26.178599484103245,0.056191273387642154,0.0,0.056191273387642154,-0.00012061222781769071
HF_full_stretch150_sto3g,current_m3,17,-10.228297642582078,27.046187161509913,-0.0006947369469775045,0.0,0.0006947369469775045,-1.7845747447259712e-08
HF_full_stretch150_sto3g,current_m3,18,-10.078243882586774,27.196240921505215,-0.5570762149012791,0.0,0.5570762149012791,-0.011410911901554086
HF_full_stretch150_sto3g,current_m3,19,18.040561484111993,55.31504628820399,-6.803659145164726,0.0,6.803659145164726,-0.8368388145678001
