condition,evaluation_group,strategy,selected_formula,selected_time,rotations,predicted_error_hartree,direct_error_hartree,predicted_cost,stored_budget_gamma_1_01,recomputed_budget_gamma_1_01,stored_s4_beta,practical_cost_beta,stored_phase_error_hartree,protocol_beta_phase_error_hartree,consistent_phase_error_hartree,cost_identity_phase_error_hartree,stored_energy_margin_hartree,consistent_energy_margin_hartree,stored_success,consistent_success,stored_phase_matches_protocol_beta,consistent_phase_matches_cost_identity,direct_cost_matches_practical_beta,success_changed,joint_formula_time_selection_regret
N2_active_eq_sto3g,primary,practical_baseline,current_m3,0.5983202971910435,19176,3.0348397151007198e-05,2.1708888669736095e-05,298110124.44559836,301091225.69005436,301091225.69005436,0.105,1.2,1.1176748655151356e-05,1.1176748655151356e-05,0.00012773427034458692,0.00012773427034458695,0.00012647437287415254,9.91685118471698e-06,True,True,True,True,True,False,0.02133754522155451
N2_active_eq_sto3g,primary,fixed_current_m3,current_m3,0.5983202971910435,19176,3.0348397151007198e-05,2.1708888669736095e-05,298110124.44559836,301091225.69005436,301091225.69005436,0.105,1.2,1.1176748655151356e-05,1.1176748655151356e-05,0.00012773427034458692,0.00012773427034458695,0.00012647437287415254,9.91685118471698e-06,True,True,True,True,True,False,0.02133754522155451
N2_active_eq_sto3g,primary,fixed_yoshida4,yoshida4,0.14818867651236942,8296,3.1964080343773546e-05,3.061937791078128e-05,527326281.8872622,532599544.70613486,532599544.70613486,0.105,1.2,1.103677610132259e-05,1.103677610132259e-05,0.00012613458401511532,0.00012613458401511532,0.00011770385618693612,2.6060482731433987e-06,True,True,True,True,True,False,0.9074925597225654
N2_active_eq_sto3g,primary,diagnostic_record_only,current_m3,0.5983202971910435,19176,3.0348397151007198e-05,2.1708888669736095e-05,298110124.44559836,301091225.69005436,301091225.69005436,0.105,1.2,1.1176748655151356e-05,1.1176748655151356e-05,0.00012773427034458692,0.00012773427034458695,0.00012647437287415254,9.91685118471698e-06,True,True,True,True,True,False,0.02133754522155451
N2_active_eq_sto3g,primary,universal_fallback,current_m3,0.31317471718976364,19176,2.070319806227094e-06,1.6661441564534198e-06,467145656.97218615,471817113.541908,471817113.541908,0.105,1.2,1.3626582088486268e-05,1.3626582088486268e-05,0.00015573236672555734,0.00015573236672555734,0.0001440672839541003,1.961499317029242e-06,True,True,True,True,True,False,0.7032613551742977
N2_active_eq_sto3g,primary,state_targeted_fallback,current_m3,0.5983202971910435,19176,3.0348397151007198e-05,2.1708888669736095e-05,298110124.44559836,301091225.69005436,301091225.69005436,0.105,1.2,1.1176748655151356e-05,1.1176748655151356e-05,0.00012773427034458692,0.00012773427034458695,0.00012647437287415254,9.91685118471698e-06,True,True,True,True,True,False,0.02133754522155451
N2_active_eq_sto3g,primary,equal_cost_extra_points,current_m3,0.6049909186671855,19176,3.07430285107533e-05,2.2676905385616652e-05,295727762.8145284,298685040.4426737,298685040.4426737,0.105,1.2,1.1142560294777315e-05,1.1142560294777315e-05,0.00012734354622602646,0.00012734354622602646,0.00012554054451864604,9.339558587396905e-06,True,True,True,True,True,False,0.017229851202428037
N2_active_stretch150_sto3g,primary,practical_baseline,current_m3,0.8303584711475099,18952,2.8064634326220847e-05,8.568591745727244e-06,208603332.59679866,210689365.92276666,210689365.92276666,0.105,1.2,1.1374599394922454e-05,1.1374599394922454e-05,0.00012999542165625661,0.0001299954216562566,0.00013941681905839032,2.0795996797056158e-05,True,True,True,True,True,False,0.22759988252141805
N2_active_stretch150_sto3g,primary,fixed_current_m3,current_m3,0.8303584711475099,18952,2.8064634326220847e-05,8.568591745727244e-06,208603332.59679866,210689365.92276666,210689365.92276666,0.105,1.2,1.1374599394922454e-05,1.1374599394922454e-05,0.00012999542165625661,0.0001299954216562566,0.00013941681905839032,2.0795996797056158e-05,True,True,True,True,True,False,0.22759988252141805
N2_active_stretch150_sto3g,primary,fixed_yoshida4,yoshida4,0.2507535059346314,8200,3.224333972894146e-05,2.643135265899655e-05,308706359.01382095,311793422.60395914,311793422.60395914,0.105,1.2,1.1012582837756062e-05,1.1012582837756062e-05,0.000125858089574355,0.000125858089574355,0.00012191607470228738,7.070567965688449e-06,True,True,True,True,True,False,0.9952267434725415
N2_active_stretch150_sto3g,primary,diagnostic_record_only,current_m3,0.8303584711475099,18952,2.8064634326220847e-05,8.568591745727244e-06,208603332.59679866,210689365.92276666,210689365.92276666,0.105,1.2,1.1374599394922454e-05,1.1374599394922454e-05,0.00012999542165625661,0.0001299954216562566,0.00013941681905839032,2.0795996797056158e-05,True,True,True,True,True,False,0.22759988252141805
N2_active_stretch150_sto3g,primary,universal_fallback,current_m3,0.4754414378170683,18952,2.328770968806021e-06,9.442286161720209e-07,304616346.6069018,307662510.07297087,307662510.07297087,0.105,1.2,1.3604191517470765e-05,1.3604191517470765e-05,0.00015547647448538017,0.00015547647448538017,0.00014481159006539724,2.9393070974878272e-06,True,True,True,True,True,False,1.0408148713818344
N2_active_stretch150_sto3g,primary,state_targeted_fallback,current_m3,0.8303584711475099,18952,2.8064634326220847e-05,8.568591745727244e-06,208603332.59679866,210689365.92276666,210689365.92276666,0.105,1.2,1.1374599394922454e-05,1.1374599394922454e-05,0.00012999542165625661,0.0001299954216562566,0.00013941681905839032,2.0795996797056158e-05,True,True,True,True,True,False,0.22759988252141805
N2_active_stretch150_sto3g,primary,equal_cost_extra_points,current_m3,0.850945085404989,18952,2.8768373518862256e-05,9.432357659421928e-06,204653602.80348065,206700138.83151546,206700138.83151546,0.105,1.2,1.1313631890609461e-05,1.1313631890609461e-05,0.00012929865017839384,0.0001292986501783938,0.0001386140206490086,2.0629002361224235e-05,True,True,True,True,True,False,0.2048023605728535
CO_active_eq_sto3g,primary,practical_baseline,current_m3,0.6127481451622522,37936,2.97567078775186e-05,1.998541374786822e-05,573237653.784658,578970030.3225045,578970030.3225045,0.105,1.2,1.1228008864488242e-05,1.1228008864488242e-05,0.00012832010130843703,0.00012832010130843705,0.00012814658758668354,1.1054495142734762e-05,True,True,True,True,True,False,0.031842958597858795
CO_active_eq_sto3g,primary,fixed_current_m3,current_m3,0.6127481451622522,37936,2.97567078775186e-05,1.998541374786822e-05,573237653.784658,578970030.3225045,578970030.3225045,0.105,1.2,1.1228008864488242e-05,1.1228008864488242e-05,0.00012832010130843703,0.00012832010130843705,0.00012814658758668354,1.1054495142734762e-05,True,True,True,True,True,False,0.031842958597858795
CO_active_eq_sto3g,primary,fixed_yoshida4,yoshida4,0.1548170562148919,16336,3.1905224244403225e-05,3.056082231196442e-05,993463733.0374541,1003398370.3678287,1003398370.3678287,0.105,1.2,1.1041875020822492e-05,1.1041875020822492e-05,0.00012619285738082848,0.0001261928573808285,0.00011775731286625312,2.6063305062471213e-06,True,True,True,True,True,False,0.9030118437582915
CO_active_eq_sto3g,primary,diagnostic_record_only,current_m3,0.6127481451622522,37936,2.97567078775186e-05,1.998541374786822e-05,573237653.784658,578970030.3225045,578970030.3225045,0.105,1.2,1.1228008864488242e-05,1.1228008864488242e-05,0.00012832010130843703,0.00012832010130843705,0.00012814658758668354,1.1054495142734762e-05,True,True,True,True,True,False,0.031842958597858795
CO_active_eq_sto3g,primary,universal_fallback,current_m3,0.3273402132390898,37936,2.1153981679242776e-06,1.6629290885503798e-06,884418153.6549133,893262335.1914624,893262335.1914624,0.105,1.2,1.362267678487389e-05,1.362267678487389e-05,0.00015568773468427303,0.000155687734684273,0.00014407440432561574,2.0093464262165982e-06,True,True,True,True,True,False,0.7070892096639163
CO_active_eq_sto3g,primary,state_targeted_fallback,current_m3,0.6127481451622522,37936,2.97567078775186e-05,1.998541374786822e-05,573237653.784658,578970030.3225045,578970030.3225045,0.105,1.2,1.1228008864488242e-05,1.1228008864488242e-05,0.00012832010130843703,0.00012832010130843705,0.00012814658758668354,1.1054495142734762e-05,True,True,True,True,True,False,0.031842958597858795
CO_active_eq_sto3g,primary,equal_cost_extra_points,current_m3,0.6231575639432553,37936,3.032844483461116e-05,2.1355095299349217e-05,566159691.2729467,571821288.1856762,571821288.1856762,0.105,1.2,1.117847719741339e-05,1.117847719741339e-05,0.00012775402511329588,0.00012775402511329588,0.00012682643770227739,1.0250889786394906e-05,True,True,True,True,True,False,0.02467657634834297
CO_active_stretch150_sto3g,primary,practical_baseline,current_m3,0.8652659966787087,37712,2.8587320950995892e-05,1.519699111857161e-05,399939334.26033634,403938727.6029397,403938727.6029397,0.105,1.2,1.1329317137825603e-05,1.1329317137825603e-05,0.00012947791014657832,0.00012947791014657832,0.0001328337019426428,1.4685108933890079e-05,True,True,True,True,True,False,0.07181964670876817
CO_active_stretch150_sto3g,primary,fixed_current_m3,current_m3,0.8652659966787087,37712,2.8587320950995892e-05,1.519699111857161e-05,399939334.26033634,403938727.6029397,403938727.6029397,0.105,1.2,1.1329317137825603e-05,1.1329317137825603e-05,0.00012947791014657832,0.00012947791014657832,0.0001328337019426428,1.4685108933890079e-05,True,True,True,True,True,False,0.07181964670876817
CO_active_stretch150_sto3g,primary,fixed_yoshida4,yoshida4,0.23265001816506647,16240,3.137818119039523e-05,3.005851352474898e-05,654509369.1036259,661054462.7946621,661054462.7946621,0.105,1.2,1.1087534691342987e-05,1.1087534691342987e-05,0.000126714682186777,0.000126714682186777,0.00011821396198294805,2.586814487514033e-06,True,True,True,True,True,False,0.9139255338042953
CO_active_stretch150_sto3g,primary,diagnostic_record_only,current_m3,0.8652659966787087,37712,2.8587320950995892e-05,1.519699111857161e-05,399939334.26033634,403938727.6029397,403938727.6029397,0.105,1.2,1.1329317137825603e-05,1.1329317137825603e-05,0.00012947791014657832,0.00012947791014657832,0.0001328337019426428,1.4685108933890079e-05,True,True,True,True,True,False,0.07181964670876817
CO_active_stretch150_sto3g,primary,universal_fallback,current_m3,0.48360496125570573,37712,2.238612930368647e-06,1.5160318661589063e-06,595572629.7579049,601528356.0554839,601528356.0554839,0.105,1.2,1.3612002238622517e-05,1.3612002238622517e-05,0.00015556573986997164,0.00015556573986997164,0.0001442319760942586,2.278238462909474e-06,True,True,True,True,True,False,0.7514851252225914
CO_active_stretch150_sto3g,primary,state_targeted_fallback,current_m3,0.8652659966787087,37712,2.8587320950995892e-05,1.519699111857161e-05,399939334.26033634,403938727.6029397,403938727.6029397,0.105,1.2,1.1329317137825603e-05,1.1329317137825603e-05,0.00012947791014657832,0.00012947791014657832,0.0001328337019426428,1.4685108933890079e-05,True,True,True,True,True,False,0.07181964670876817
CO_active_stretch150_sto3g,primary,equal_cost_extra_points,current_m3,0.8564643863838549,37712,2.830580146524344e-05,1.4599274143959654e-05,403181438.29454714,407213252.6774926,407213252.6774926,0.105,1.2,1.1353706202185346e-05,1.1353706202185346e-05,0.00012975664231068968,0.00012975664231068968,0.000133407029852895,1.5004093744390662e-05,True,True,True,True,True,False,0.07836337163527207
HF_full_eq_sto3g,stress_test,practical_baseline,current_m3,0.148871685974198,9108,1.0751001536769666e-06,1.9998854262236836e-06,463823391.8193374,468461625.7375308,468461625.7375308,0.105,1.2,1.3712801612840856e-05,1.3712801612840856e-05,0.00015671773271818122,0.00015671773271818122,0.00014364732315997545,6.423920546350928e-07,True,True,True,True,True,False,1.1415343639702962
HF_full_eq_sto3g,stress_test,fixed_current_m3,current_m3,0.148871685974198,9108,1.0751001536769666e-06,1.9998854262236836e-06,463823391.8193374,468461625.7375308,468461625.7375308,0.105,1.2,1.3712801612840856e-05,1.3712801612840856e-05,0.00015671773271818122,0.00015671773271818122,0.00014364732315997545,6.423920546350928e-07,True,True,True,True,True,False,1.1415343639702962
HF_full_eq_sto3g,stress_test,fixed_yoshida4,yoshida4,0.03412144429266872,3948,1.9632734016267056e-06,1.963799779839093e-06,882135419.3915215,890956773.5854367,890956773.5854367,0.105,1.2,1.3635855910666995e-05,1.3635855910666995e-05,0.00015583835326476563,0.00015583835326476566,0.0001437603545085339,1.5578571544352785e-06,True,True,True,True,True,False,3.0491539613263567
HF_full_eq_sto3g,stress_test,diagnostic_record_only,current_m3,0.148871685974198,9108,1.0751001536769666e-06,1.9998854262236836e-06,463823391.8193374,468461625.7375308,468461625.7375308,0.105,1.2,1.3712801612840856e-05,1.3712801612840856e-05,0.00015671773271818122,0.00015671773271818122,0.00014364732315997545,6.423920546350928e-07,True,True,True,True,True,False,1.1415343639702962
HF_full_eq_sto3g,stress_test,universal_fallback,current_m3,0.148871685974198,9108,1.0751001536769666e-06,1.9998854262236836e-06,463823391.8193374,468461625.7375308,468461625.7375308,0.105,1.2,1.3712801612840856e-05,1.3712801612840856e-05,0.00015671773271818122,0.00015671773271818122,0.00014364732315997545,6.423920546350928e-07,True,True,True,True,True,False,1.1415343639702962
HF_full_eq_sto3g,stress_test,state_targeted_fallback,current_m3,0.148871685974198,9108,1.0751001536769666e-06,1.9998854262236836e-06,463823391.8193374,468461625.7375308,468461625.7375308,0.105,1.2,1.3712801612840856e-05,1.3712801612840856e-05,0.00015671773271818122,0.00015671773271818122,0.00014364732315997545,6.423920546350928e-07,True,True,True,True,True,False,1.1415343639702962
HF_full_eq_sto3g,stress_test,equal_cost_extra_points,current_m3,0.148871685974198,9108,1.6321778138396863e-06,1.9998854262236836e-06,465461565.91921616,470116181.5784083,470116181.5784083,0.105,1.2,1.3664539934361415e-05,1.3664539934361415e-05,0.00015616617067841618,0.00015616617067841615,0.0001436955848384549,1.193954094400138e-06,True,True,True,True,True,False,1.1415343639702962
HF_full_stretch150_sto3g,stress_test,practical_baseline,current_m3,0.20600464713499966,9108,9.470274280034474e-07,5.140509990558424e-07,334916449.94069874,338265614.44010574,338265614.44010574,0.105,1.2,1.3723897022243262e-05,1.3723897022243262e-05,0.00015684453739706587,0.0001568445373970659,0.0001451220621777409,2.001421802918287e-06,True,True,True,True,True,False,1.0763612863694059
HF_full_stretch150_sto3g,stress_test,fixed_current_m3,current_m3,0.20600464713499966,9108,9.470274280034474e-07,5.140509990558424e-07,334916449.94069874,338265614.44010574,338265614.44010574,0.105,1.2,1.3723897022243262e-05,1.3723897022243262e-05,0.00015684453739706587,0.0001568445373970659,0.0001451220621777409,2.001421802918287e-06,True,True,True,True,True,False,1.0763612863694059
HF_full_stretch150_sto3g,stress_test,fixed_yoshida4,yoshida4,0.04722261090853548,3948,1.8931551394997163e-06,1.8950629946025817e-06,637117069.7913278,643488240.4892411,643488240.4892411,0.105,1.2,1.3641930512583939e-05,1.3641930512583939e-05,0.00015590777728667358,0.00015590777728667355,0.00014382301669185347,1.5571699177638451e-06,True,True,True,True,True,False,2.9607401127118624
HF_full_stretch150_sto3g,stress_test,diagnostic_record_only,current_m3,0.20600464713499966,9108,9.470274280034474e-07,5.140509990558424e-07,334916449.94069874,338265614.44010574,338265614.44010574,0.105,1.2,1.3723897022243262e-05,1.3723897022243262e-05,0.00015684453739706587,0.0001568445373970659,0.0001451220621777409,2.001421802918287e-06,True,True,True,True,True,False,1.0763612863694059
HF_full_stretch150_sto3g,stress_test,universal_fallback,current_m3,0.20600464713499966,9108,9.470274280034474e-07,5.140509990558424e-07,334916449.94069874,338265614.44010574,338265614.44010574,0.105,1.2,1.3723897022243262e-05,1.3723897022243262e-05,0.00015684453739706587,0.0001568445373970659,0.0001451220621777409,2.001421802918287e-06,True,True,True,True,True,False,1.0763612863694059
HF_full_stretch150_sto3g,stress_test,state_targeted_fallback,current_m3,0.20600464713499966,9108,9.470274280034474e-07,5.140509990558424e-07,334916449.94069874,338265614.44010574,338265614.44010574,0.105,1.2,1.3723897022243262e-05,1.3723897022243262e-05,0.00015684453739706587,0.0001568445373970659,0.0001451220621777409,2.001421802918287e-06,True,True,True,True,True,False,1.0763612863694059
HF_full_stretch150_sto3g,stress_test,equal_cost_extra_points,current_m3,0.20600464713499966,9108,1.5349145671617296e-06,5.140509990558424e-07,336163989.64802086,339525629.54450107,339525629.54450107,0.105,1.2,1.3672966205732029e-05,1.3672966205732029e-05,0.0001562624709226518,0.00015626247092265176,0.00014517299299425212,2.5834882773323703e-06,True,True,True,True,True,False,1.0763612863694059
