condition,state_id,direction_id,source_state_method,source_state_exact_overlap_probability,target_energy_error_hartree,direction_excitation_energy_hartree,excited_weight,phase_index,relative_phase_radians,normalization,energy_error_hartree,energy_variance_hartree2,hamiltonian_residual_2_norm,exact_ground_overlap_probability
N2_active_eq_sto3g,cisd_orthogonal_component__de0.001__phase0,cisd_orthogonal_component,cisd,0.9952719209963322,0.001,2.6314477144217894,0.0003800189509825511,0,0.0,1.0,0.0009999999999994458,0.003369006390641971,0.05804314249454427,0.9996199810490178
N2_active_eq_sto3g,cisd_orthogonal_component__de0.001__phase1,cisd_orthogonal_component,cisd,0.9952719209963322,0.001,2.6314477144217894,0.0003800189509825511,1,1.5707963267948966,1.0,0.0009999999999985576,0.0033690063906348655,0.058043142494483065,0.9996199810490181
N2_active_eq_sto3g,cisd_orthogonal_component__de0.001__phase2,cisd_orthogonal_component,cisd,0.9952719209963322,0.001,2.6314477144217894,0.0003800189509825511,2,3.141592653589793,1.0,0.001000000000000334,0.0033690063906384182,0.058043142494513665,0.9996199810490174
N2_active_eq_sto3g,cisd_orthogonal_component__de0.001__phase3,cisd_orthogonal_component,cisd,0.9952719209963322,0.001,2.6314477144217894,0.0003800189509825511,3,4.71238898038469,1.0,0.0009999999999985576,0.0033690063906348655,0.058043142494483065,0.9996199810490181
N2_active_eq_sto3g,cisd_orthogonal_component__de0.005__phase0,cisd_orthogonal_component,cisd,0.9952719209963322,0.005,2.6314477144217894,0.0019000947549127553,0,0.0,1.0,0.004999999999999893,0.016825031953210612,0.12971134088124528,0.9980999052450876
N2_active_eq_sto3g,cisd_orthogonal_component__de0.005__phase1,cisd_orthogonal_component,cisd,0.9952719209963322,0.005,2.6314477144217894,0.0019000947549127553,1,1.5707963267948966,1.0,0.004999999999999893,0.016825031953210612,0.12971134088124528,0.9980999052450874
N2_active_eq_sto3g,cisd_orthogonal_component__de0.005__phase2,cisd_orthogonal_component,cisd,0.9952719209963322,0.005,2.6314477144217894,0.0019000947549127553,2,3.141592653589793,1.0,0.005000000000000782,0.016825031953214165,0.12971134088125896,0.9980999052450874
N2_active_eq_sto3g,cisd_orthogonal_component__de0.005__phase3,cisd_orthogonal_component,cisd,0.9952719209963322,0.005,2.6314477144217894,0.0019000947549127553,3,4.71238898038469,1.0,0.004999999999999893,0.016825031953210612,0.12971134088124528,0.9980999052450874
N2_active_eq_sto3g,cisd_orthogonal_component__de0.01__phase0,cisd_orthogonal_component,cisd,0.9952719209963322,0.01,2.6314477144217894,0.0038001895098255106,0,0.0,1.0,0.009999999999998899,0.0336000639064018,0.18330320211715287,0.9961998104901751
N2_active_eq_sto3g,cisd_orthogonal_component__de0.01__phase1,cisd_orthogonal_component,cisd,0.9952719209963322,0.01,2.6314477144217894,0.0038001895098255106,1,1.5707963267948966,1.0,0.009999999999998899,0.033600063906408906,0.18330320211717227,0.9961998104901747
N2_active_eq_sto3g,cisd_orthogonal_component__de0.01__phase2,cisd_orthogonal_component,cisd,0.9952719209963322,0.01,2.6314477144217894,0.0038001895098255106,2,3.141592653589793,1.0,0.009999999999998899,0.033600063906408906,0.18330320211717227,0.9961998104901749
N2_active_eq_sto3g,cisd_orthogonal_component__de0.01__phase3,cisd_orthogonal_component,cisd,0.9952719209963322,0.01,2.6314477144217894,0.0038001895098255106,3,4.71238898038469,1.0,0.009999999999998899,0.033600063906408906,0.18330320211717227,0.9961998104901747
N2_active_eq_sto3g,cisd_orthogonal_component__de0.05__phase0,cisd_orthogonal_component,cisd,0.9952719209963322,0.05,2.6314477144217894,0.019000947549127553,0,0.0,1.0,0.049999999999998934,0.1660003195320705,0.4074313678793896,0.9809990524508729
N2_active_eq_sto3g,cisd_orthogonal_component__de0.05__phase1,cisd_orthogonal_component,cisd,0.9952719209963322,0.05,2.6314477144217894,0.019000947549127553,1,1.5707963267948966,1.0,0.04999999999999716,0.1660003195320634,0.4074313678793809,0.9809990524508729
N2_active_eq_sto3g,cisd_orthogonal_component__de0.05__phase2,cisd_orthogonal_component,cisd,0.9952719209963322,0.05,2.6314477144217894,0.019000947549127553,2,3.141592653589793,1.0,0.04999999999999716,0.1660003195320634,0.4074313678793809,0.9809990524508732
N2_active_eq_sto3g,cisd_orthogonal_component__de0.05__phase3,cisd_orthogonal_component,cisd,0.9952719209963322,0.05,2.6314477144217894,0.019000947549127553,3,4.71238898038469,1.0,0.04999999999999716,0.1660003195320634,0.4074313678793809,0.9809990524508729
N2_active_eq_sto3g,rhf_orthogonal_component__de0.001__phase0,rhf_orthogonal_component,rhf_determinant,0.916770108689891,0.001,1.8902665185601024,0.0005290259284504193,0,0.0,1.0,0.0009999999999994458,0.002327311010606792,0.04824221191660672,0.99947097407155
N2_active_eq_sto3g,rhf_orthogonal_component__de0.001__phase1,rhf_orthogonal_component,rhf_determinant,0.916770108689891,0.001,1.8902665185601024,0.0005290259284504193,1,1.5707963267948966,1.0,0.0009999999999985576,0.002327311010603239,0.0482422119165699,0.99947097407155
N2_active_eq_sto3g,rhf_orthogonal_component__de0.001__phase2,rhf_orthogonal_component,rhf_determinant,0.916770108689891,0.001,1.8902665185601024,0.0005290259284504193,2,3.141592653589793,0.9999999999999999,0.001000000000000334,0.00232731101061745,0.04824221191671719,0.9994709740715497
N2_active_eq_sto3g,rhf_orthogonal_component__de0.001__phase3,rhf_orthogonal_component,rhf_determinant,0.916770108689891,0.001,1.8902665185601024,0.0005290259284504193,3,4.71238898038469,1.0,0.0009999999999985576,0.002327311010603239,0.0482422119165699,0.99947097407155
N2_active_eq_sto3g,rhf_orthogonal_component__de0.005__phase0,rhf_orthogonal_component,rhf_determinant,0.916770108689891,0.005,1.8902665185601024,0.002645129642252097,0,0.0,1.0,0.004999999999999005,0.011616555053059585,0.10778012364559425,0.9973548703577484
N2_active_eq_sto3g,rhf_orthogonal_component__de0.005__phase1,rhf_orthogonal_component,rhf_determinant,0.916770108689891,0.005,1.8902665185601024,0.002645129642252097,1,1.5707963267948966,1.0,0.004999999999999893,0.01161655505306669,0.10778012364562721,0.9973548703577484
N2_active_eq_sto3g,rhf_orthogonal_component__de0.005__phase2,rhf_orthogonal_component,rhf_determinant,0.916770108689891,0.005,1.8902665185601024,0.002645129642252097,2,3.141592653589793,1.0,0.004999999999999005,0.011616555053059585,0.10778012364559425,0.9973548703577484
N2_active_eq_sto3g,rhf_orthogonal_component__de0.005__phase3,rhf_orthogonal_component,rhf_determinant,0.916770108689891,0.005,1.8902665185601024,0.002645129642252097,3,4.71238898038469,1.0,0.004999999999999893,0.01161655505306669,0.10778012364562721,0.9973548703577484
N2_active_eq_sto3g,rhf_orthogonal_component__de0.01__phase0,rhf_orthogonal_component,rhf_determinant,0.916770108689891,0.01,1.8902665185601024,0.005290259284504194,0,0.0,1.0,0.009999999999999787,0.02318311010612817,0.1522600082297652,0.994709740715496
N2_active_eq_sto3g,rhf_orthogonal_component__de0.01__phase1,rhf_orthogonal_component,rhf_determinant,0.916770108689891,0.01,1.8902665185601024,0.005290259284504194,1,1.5707963267948966,1.0,0.009999999999998899,0.023183110106124616,0.15226000822975355,0.9947097407154962
N2_active_eq_sto3g,rhf_orthogonal_component__de0.01__phase2,rhf_orthogonal_component,rhf_determinant,0.916770108689891,0.01,1.8902665185601024,0.005290259284504194,2,3.141592653589793,1.0,0.009999999999999787,0.02318311010612817,0.1522600082297652,0.9947097407154958
N2_active_eq_sto3g,rhf_orthogonal_component__de0.01__phase3,rhf_orthogonal_component,rhf_determinant,0.916770108689891,0.01,1.8902665185601024,0.005290259284504194,3,4.71238898038469,1.0,0.009999999999998899,0.023183110106124616,0.15226000822975355,0.9947097407154962
N2_active_eq_sto3g,rhf_orthogonal_component__de0.05__phase0,rhf_orthogonal_component,rhf_determinant,0.916770108689891,0.05,1.8902665185601024,0.02645129642252097,0,0.0,1.0,0.04999999999999982,0.11391555053065971,0.3375137782826943,0.9735487035774792
N2_active_eq_sto3g,rhf_orthogonal_component__de0.05__phase1,rhf_orthogonal_component,rhf_determinant,0.916770108689891,0.05,1.8902665185601024,0.02645129642252097,1,1.5707963267948966,1.0,0.04999999999999982,0.11391555053065616,0.337513778282689,0.9735487035774792
N2_active_eq_sto3g,rhf_orthogonal_component__de0.05__phase2,rhf_orthogonal_component,rhf_determinant,0.916770108689891,0.05,1.8902665185601024,0.02645129642252097,2,3.141592653589793,1.0,0.04999999999999982,0.11391555053065616,0.337513778282689,0.9735487035774792
N2_active_eq_sto3g,rhf_orthogonal_component__de0.05__phase3,rhf_orthogonal_component,rhf_determinant,0.916770108689891,0.05,1.8902665185601024,0.02645129642252097,3,4.71238898038469,1.0,0.04999999999999982,0.11391555053065616,0.337513778282689,0.9735487035774792
N2_active_stretch150_sto3g,cisd_orthogonal_component__de0.001__phase0,cisd_orthogonal_component,cisd,0.9226094451522178,0.001,1.067379327902052,0.0009368740557918739,0,0.0,1.0000000000000002,0.0009999999999985576,0.001715747328322692,0.041421580466258066,0.9990631259442087
N2_active_stretch150_sto3g,cisd_orthogonal_component__de0.001__phase1,cisd_orthogonal_component,cisd,0.9226094451522178,0.001,1.067379327902052,0.0009368740557918739,1,1.5707963267948966,1.0,0.0009999999999981135,0.001715747328322692,0.041421580466258066,0.9990631259442089
N2_active_stretch150_sto3g,cisd_orthogonal_component__de0.001__phase2,cisd_orthogonal_component,cisd,0.9226094451522178,0.001,1.067379327902052,0.0009368740557918739,2,3.141592653589793,1.0,0.0009999999999994458,0.001715747328322692,0.041421580466258066,0.9990631259442082
N2_active_stretch150_sto3g,cisd_orthogonal_component__de0.001__phase3,cisd_orthogonal_component,cisd,0.9226094451522178,0.001,1.067379327902052,0.0009368740557918739,3,4.71238898038469,1.0,0.0009999999999981135,0.001715747328322692,0.041421580466258066,0.9990631259442089
N2_active_stretch150_sto3g,cisd_orthogonal_component__de0.005__phase0,cisd_orthogonal_component,cisd,0.9226094451522178,0.005,1.067379327902052,0.00468437027895937,0,0.0,1.0000000000000002,0.004999999999997229,0.008558736641615994,0.09251344032958667,0.9953156297210414
N2_active_stretch150_sto3g,cisd_orthogonal_component__de0.005__phase1,cisd_orthogonal_component,cisd,0.9226094451522178,0.005,1.067379327902052,0.00468437027895937,1,1.5707963267948966,1.0,0.004999999999999449,0.008558736641619547,0.09251344032960587,0.9953156297210409
N2_active_stretch150_sto3g,cisd_orthogonal_component__de0.005__phase2,cisd_orthogonal_component,cisd,0.9226094451522178,0.005,1.067379327902052,0.00468437027895937,2,3.141592653589793,1.0,0.004999999999999005,0.008558736641621323,0.09251344032961548,0.9953156297210405
N2_active_stretch150_sto3g,cisd_orthogonal_component__de0.005__phase3,cisd_orthogonal_component,cisd,0.9226094451522178,0.005,1.067379327902052,0.00468437027895937,3,4.71238898038469,1.0,0.004999999999999449,0.008558736641619547,0.09251344032960587,0.9953156297210409
N2_active_stretch150_sto3g,cisd_orthogonal_component__de0.01__phase0,cisd_orthogonal_component,cisd,0.9226094451522178,0.01,1.067379327902052,0.00936874055791874,0,0.0,1.0,0.009999999999999343,0.017067473283249868,0.13064254009797063,0.9906312594420815
N2_active_stretch150_sto3g,cisd_orthogonal_component__de0.01__phase1,cisd_orthogonal_component,cisd,0.9226094451522178,0.01,1.067379327902052,0.00936874055791874,1,1.5707963267948966,0.9999999999999999,0.010000000000000675,0.017067473283256973,0.13064254009799783,0.9906312594420813
N2_active_stretch150_sto3g,cisd_orthogonal_component__de0.01__phase2,cisd_orthogonal_component,cisd,0.9226094451522178,0.01,1.067379327902052,0.00936874055791874,2,3.141592653589793,1.0,0.009999999999999787,0.017067473283251644,0.13064254009797743,0.9906312594420815
N2_active_stretch150_sto3g,cisd_orthogonal_component__de0.01__phase3,cisd_orthogonal_component,cisd,0.9226094451522178,0.01,1.067379327902052,0.00936874055791874,3,4.71238898038469,0.9999999999999999,0.010000000000000675,0.017067473283256973,0.13064254009799783,0.9906312594420813
N2_active_stretch150_sto3g,cisd_orthogonal_component__de0.05__phase0,cisd_orthogonal_component,cisd,0.9226094451522178,0.05,1.067379327902052,0.0468437027895937,0,0.0,1.0,0.04999999999999849,0.08333736641625933,0.2886821200148345,0.9531562972104066
N2_active_stretch150_sto3g,cisd_orthogonal_component__de0.05__phase1,cisd_orthogonal_component,cisd,0.9226094451522178,0.05,1.067379327902052,0.0468437027895937,1,1.5707963267948966,1.0,0.04999999999999938,0.08333736641626288,0.28868212001484067,0.9531562972104066
N2_active_stretch150_sto3g,cisd_orthogonal_component__de0.05__phase2,cisd_orthogonal_component,cisd,0.9226094451522178,0.05,1.067379327902052,0.0468437027895937,2,3.141592653589793,1.0,0.04999999999999938,0.08333736641626466,0.2886821200148438,0.9531562972104066
N2_active_stretch150_sto3g,cisd_orthogonal_component__de0.05__phase3,cisd_orthogonal_component,cisd,0.9226094451522178,0.05,1.067379327902052,0.0468437027895937,3,4.71238898038469,1.0,0.04999999999999938,0.08333736641626288,0.28868212001484067,0.9531562972104066
N2_active_stretch150_sto3g,rhf_orthogonal_component__de0.001__phase0,rhf_orthogonal_component,rhf_determinant,0.5966693601224793,0.001,0.9491484258333482,0.0010535759980026351,0,0.0,1.0,0.0009999999999985576,0.0018326047266814527,0.04280893279073251,0.9989464240019976
N2_active_stretch150_sto3g,rhf_orthogonal_component__de0.001__phase1,rhf_orthogonal_component,rhf_determinant,0.5966693601224793,0.001,0.9491484258333482,0.0010535759980026351,1,1.5707963267948966,1.0,0.0009999999999990017,0.0018326047266867818,0.04280893279079475,0.9989464240019978
N2_active_stretch150_sto3g,rhf_orthogonal_component__de0.001__phase2,rhf_orthogonal_component,rhf_determinant,0.5966693601224793,0.001,0.9491484258333482,0.0010535759980026351,2,3.141592653589793,1.0,0.0009999999999981135,0.0018326047266796763,0.042808932790711754,0.9989464240019978
N2_active_stretch150_sto3g,rhf_orthogonal_component__de0.001__phase3,rhf_orthogonal_component,rhf_determinant,0.5966693601224793,0.001,0.9491484258333482,0.0010535759980026351,3,4.71238898038469,1.0,0.0009999999999990017,0.0018326047266867818,0.04280893279079475,0.9989464240019978
N2_active_stretch150_sto3g,rhf_orthogonal_component__de0.005__phase0,rhf_orthogonal_component,rhf_determinant,0.5966693601224793,0.005,0.9491484258333482,0.005267879990013176,0,0.0,1.0,0.004999999999999449,0.00914302363343289,0.09561915934284765,0.9947321200099871
N2_active_stretch150_sto3g,rhf_orthogonal_component__de0.005__phase1,rhf_orthogonal_component,rhf_determinant,0.5966693601224793,0.005,0.9491484258333482,0.005267879990013176,1,1.5707963267948966,1.0,0.004999999999999449,0.009143023633434666,0.09561915934285695,0.9947321200099871
N2_active_stretch150_sto3g,rhf_orthogonal_component__de0.005__phase2,rhf_orthogonal_component,rhf_determinant,0.5966693601224793,0.005,0.9491484258333482,0.005267879990013176,2,3.141592653589793,1.0,0.004999999999999449,0.009143023633434666,0.09561915934285695,0.9947321200099871
N2_active_stretch150_sto3g,rhf_orthogonal_component__de0.005__phase3,rhf_orthogonal_component,rhf_determinant,0.5966693601224793,0.005,0.9491484258333482,0.005267879990013176,3,4.71238898038469,1.0,0.004999999999999449,0.009143023633434666,0.09561915934285695,0.9947321200099871
N2_active_stretch150_sto3g,rhf_orthogonal_component__de0.01__phase0,rhf_orthogonal_component,rhf_determinant,0.5966693601224793,0.01,0.9491484258333482,0.010535759980026352,0,0.0,1.0,0.009999999999999343,0.018236047266873,0.13504090960473053,0.989464240019974
N2_active_stretch150_sto3g,rhf_orthogonal_component__de0.01__phase1,rhf_orthogonal_component,rhf_determinant,0.5966693601224793,0.01,0.9491484258333482,0.010535759980026352,1,1.5707963267948966,1.0,0.009999999999999343,0.018236047266871225,0.13504090960472395,0.989464240019974
N2_active_stretch150_sto3g,rhf_orthogonal_component__de0.01__phase2,rhf_orthogonal_component,rhf_determinant,0.5966693601224793,0.01,0.9491484258333482,0.010535759980026352,2,3.141592653589793,1.0,0.010000000000000231,0.018236047266874778,0.1350409096047371,0.9894642400199736
N2_active_stretch150_sto3g,rhf_orthogonal_component__de0.01__phase3,rhf_orthogonal_component,rhf_determinant,0.5966693601224793,0.01,0.9491484258333482,0.010535759980026352,3,4.71238898038469,1.0,0.009999999999999343,0.018236047266871225,0.13504090960472395,0.989464240019974
N2_active_stretch150_sto3g,rhf_orthogonal_component__de0.05__phase0,rhf_orthogonal_component,rhf_determinant,0.5966693601224793,0.05,0.9491484258333482,0.05267879990013176,0,0.0,1.0000000000000002,0.0499999999999976,0.08918023633435723,0.2986306018049008,0.9473212000998691
N2_active_stretch150_sto3g,rhf_orthogonal_component__de0.05__phase1,rhf_orthogonal_component,rhf_determinant,0.5966693601224793,0.05,0.9491484258333482,0.05267879990013176,1,1.5707963267948966,1.0,0.04999999999999982,0.08918023633436789,0.2986306018049187,0.9473212000998684
N2_active_stretch150_sto3g,rhf_orthogonal_component__de0.05__phase2,rhf_orthogonal_component,rhf_determinant,0.5966693601224793,0.05,0.9491484258333482,0.05267879990013176,2,3.141592653589793,1.0,0.049999999999998046,0.08918023633435723,0.2986306018049008,0.9473212000998684
N2_active_stretch150_sto3g,rhf_orthogonal_component__de0.05__phase3,rhf_orthogonal_component,rhf_determinant,0.5966693601224793,0.05,0.9491484258333482,0.05267879990013176,3,4.71238898038469,1.0,0.04999999999999982,0.08918023633436789,0.2986306018049187,0.9473212000998684
CO_active_eq_sto3g,cisd_orthogonal_component__de0.001__phase0,cisd_orthogonal_component,cisd,0.9948983111282917,0.001,2.4230080619973244,0.00041271014144941967,0,0.0,1.0,0.0009999999999985576,0.0035288556787236303,0.0594041722333005,0.9995872898585512
CO_active_eq_sto3g,cisd_orthogonal_component__de0.001__phase1,cisd_orthogonal_component,cisd,0.9948983111282917,0.001,2.4230080619973244,0.00041271014144941967,1,1.5707963267948966,1.0,0.0009999999999994458,0.0035288556787307357,0.05940417223336031,0.9995872898585514
CO_active_eq_sto3g,cisd_orthogonal_component__de0.001__phase2,cisd_orthogonal_component,cisd,0.9948983111282917,0.001,2.4230080619973244,0.00041271014144941967,2,3.141592653589793,1.0,0.001000000000000334,0.0035288556787236303,0.0594041722333005,0.9995872898585509
CO_active_eq_sto3g,cisd_orthogonal_component__de0.001__phase3,cisd_orthogonal_component,cisd,0.9948983111282917,0.001,2.4230080619973244,0.00041271014144941967,3,4.71238898038469,1.0,0.0009999999999994458,0.0035288556787307357,0.05940417223336031,0.9995872898585514
CO_active_eq_sto3g,cisd_orthogonal_component__de0.005__phase0,cisd_orthogonal_component,cisd,0.9948983111282917,0.005,2.4230080619973244,0.0020635507072470985,0,0.0,1.0,0.004999999999999893,0.017624278393640225,0.13275646271892086,0.9979364492927533
CO_active_eq_sto3g,cisd_orthogonal_component__de0.005__phase1,cisd_orthogonal_component,cisd,0.9948983111282917,0.005,2.4230080619973244,0.0020635507072470985,1,1.5707963267948966,1.0,0.004999999999999893,0.017624278393640225,0.13275646271892086,0.9979364492927533
CO_active_eq_sto3g,cisd_orthogonal_component__de0.005__phase2,cisd_orthogonal_component,cisd,0.9948983111282917,0.005,2.4230080619973244,0.0020635507072470985,2,3.141592653589793,1.0,0.005000000000000782,0.017624278393654436,0.13275646271897437,0.9979364492927535
CO_active_eq_sto3g,cisd_orthogonal_component__de0.005__phase3,cisd_orthogonal_component,cisd,0.9948983111282917,0.005,2.4230080619973244,0.0020635507072470985,3,4.71238898038469,1.0,0.004999999999999893,0.017624278393640225,0.13275646271892086,0.9979364492927533
CO_active_eq_sto3g,cisd_orthogonal_component__de0.01__phase0,cisd_orthogonal_component,cisd,0.9948983111282917,0.01,2.4230080619973244,0.004127101414494197,0,0.0,1.0,0.009999999999999787,0.035198556787300106,0.18761278417874436,0.995872898585506
CO_active_eq_sto3g,cisd_orthogonal_component__de0.01__phase1,cisd_orthogonal_component,cisd,0.9948983111282917,0.01,2.4230080619973244,0.004127101414494197,1,1.5707963267948966,1.0,0.010000000000001563,0.03519855678731432,0.18761278417878222,0.995872898585506
CO_active_eq_sto3g,cisd_orthogonal_component__de0.01__phase2,cisd_orthogonal_component,cisd,0.9948983111282917,0.01,2.4230080619973244,0.004127101414494197,2,3.141592653589793,1.0,0.009999999999998899,0.035198556787293,0.1876127841787254,0.9958728985855064
CO_active_eq_sto3g,cisd_orthogonal_component__de0.01__phase3,cisd_orthogonal_component,cisd,0.9948983111282917,0.01,2.4230080619973244,0.004127101414494197,3,4.71238898038469,1.0,0.010000000000001563,0.03519855678731432,0.18761278417878222,0.995872898585506
CO_active_eq_sto3g,cisd_orthogonal_component__de0.05__phase0,cisd_orthogonal_component,cisd,0.9948983111282917,0.05,2.4230080619973244,0.020635507072470985,0,0.0,1.0,0.049999999999998934,0.1739927839365336,0.41712442260857086,0.9793644929275293
CO_active_eq_sto3g,cisd_orthogonal_component__de0.05__phase1,cisd_orthogonal_component,cisd,0.9948983111282917,0.05,2.4230080619973244,0.020635507072470985,1,1.5707963267948966,0.9999999999999999,0.0500000000000016,0.17399278393656203,0.41712442260860494,0.9793644929275293
CO_active_eq_sto3g,cisd_orthogonal_component__de0.05__phase2,cisd_orthogonal_component,cisd,0.9948983111282917,0.05,2.4230080619973244,0.020635507072470985,2,3.141592653589793,1.0000000000000002,0.04999999999999716,0.1739927839365194,0.4171244226085538,0.9793644929275299
CO_active_eq_sto3g,cisd_orthogonal_component__de0.05__phase3,cisd_orthogonal_component,cisd,0.9948983111282917,0.05,2.4230080619973244,0.020635507072470985,3,4.71238898038469,0.9999999999999999,0.0500000000000016,0.17399278393656203,0.41712442260860494,0.9793644929275293
CO_active_eq_sto3g,rhf_orthogonal_component__de0.001__phase0,rhf_orthogonal_component,rhf_determinant,0.9188449291902506,0.001,1.7060003326138586,0.000586166356994693,0,0.0,1.0,0.0009999999999976694,0.0021876282981381223,0.046772088879353274,0.9994138336430061
CO_active_eq_sto3g,rhf_orthogonal_component__de0.001__phase1,rhf_orthogonal_component,rhf_determinant,0.9188449291902506,0.001,1.7060003326138586,0.000586166356994693,1,1.5707963267948966,1.0,0.0009999999999985576,0.002187628298152333,0.046772088879505194,0.9994138336430056
CO_active_eq_sto3g,rhf_orthogonal_component__de0.001__phase2,rhf_orthogonal_component,rhf_determinant,0.9188449291902506,0.001,1.7060003326138586,0.000586166356994693,2,3.141592653589793,1.0,0.0009999999999985576,0.0021876282981594386,0.04677208887958115,0.9994138336430058
CO_active_eq_sto3g,rhf_orthogonal_component__de0.001__phase3,rhf_orthogonal_component,rhf_determinant,0.9188449291902506,0.001,1.7060003326138586,0.000586166356994693,3,4.71238898038469,1.0,0.0009999999999985576,0.002187628298152333,0.046772088879505194,0.9994138336430056
CO_active_eq_sto3g,rhf_orthogonal_component__de0.005__phase0,rhf_orthogonal_component,rhf_determinant,0.9188449291902506,0.005,1.7060003326138586,0.0029308317849734648,0,0.0,0.9999999999999999,0.005000000000000782,0.010918141490805056,0.10448991095223048,0.9970691682150269
CO_active_eq_sto3g,rhf_orthogonal_component__de0.005__phase1,rhf_orthogonal_component,rhf_determinant,0.9188449291902506,0.005,1.7060003326138586,0.0029308317849734648,1,1.5707963267948966,1.0,0.004999999999999005,0.010918141490790845,0.10448991095216248,0.9970691682150269
CO_active_eq_sto3g,rhf_orthogonal_component__de0.005__phase2,rhf_orthogonal_component,rhf_determinant,0.9188449291902506,0.005,1.7060003326138586,0.0029308317849734648,2,3.141592653589793,1.0,0.004999999999999893,0.010918141490790845,0.10448991095216248,0.9970691682150269
CO_active_eq_sto3g,rhf_orthogonal_component__de0.005__phase3,rhf_orthogonal_component,rhf_determinant,0.9188449291902506,0.005,1.7060003326138586,0.0029308317849734648,3,4.71238898038469,1.0,0.004999999999999005,0.010918141490790845,0.10448991095216248,0.9970691682150269
CO_active_eq_sto3g,rhf_orthogonal_component__de0.01__phase0,rhf_orthogonal_component,rhf_determinant,0.9188449291902506,0.01,1.7060003326138586,0.0058616635699469295,0,0.0,1.0,0.00999999999999801,0.021786282981587135,0.14760177160721052,0.9941383364300538
CO_active_eq_sto3g,rhf_orthogonal_component__de0.01__phase1,rhf_orthogonal_component,rhf_determinant,0.9188449291902506,0.01,1.7060003326138586,0.0058616635699469295,1,1.5707963267948966,1.0,0.010000000000001563,0.02178628298160845,0.14760177160728272,0.9941383364300533
CO_active_eq_sto3g,rhf_orthogonal_component__de0.01__phase2,rhf_orthogonal_component,rhf_determinant,0.9188449291902506,0.01,1.7060003326138586,0.0058616635699469295,2,3.141592653589793,1.0,0.009999999999999787,0.02178628298159424,0.1476017716072346,0.9941383364300536
CO_active_eq_sto3g,rhf_orthogonal_component__de0.01__phase3,rhf_orthogonal_component,rhf_determinant,0.9188449291902506,0.01,1.7060003326138586,0.0058616635699469295,3,4.71238898038469,1.0,0.010000000000001563,0.02178628298160845,0.14760177160728272,0.9941383364300533
CO_active_eq_sto3g,rhf_orthogonal_component__de0.05__phase0,rhf_orthogonal_component,rhf_determinant,0.9188449291902506,0.05,1.7060003326138586,0.02930831784973465,0,0.0,1.0,0.05000000000000071,0.10693141490800429,0.32700369249903627,0.9706916821502658
CO_active_eq_sto3g,rhf_orthogonal_component__de0.05__phase1,rhf_orthogonal_component,rhf_determinant,0.9188449291902506,0.05,1.7060003326138586,0.02930831784973465,1,1.5707963267948966,1.0,0.05000000000000071,0.10693141490800429,0.32700369249903627,0.9706916821502656
CO_active_eq_sto3g,rhf_orthogonal_component__de0.05__phase2,rhf_orthogonal_component,rhf_determinant,0.9188449291902506,0.05,1.7060003326138586,0.02930831784973465,2,3.141592653589793,1.0,0.04999999999999982,0.10693141490799718,0.32700369249902544,0.9706916821502656
CO_active_eq_sto3g,rhf_orthogonal_component__de0.05__phase3,rhf_orthogonal_component,rhf_determinant,0.9188449291902506,0.05,1.7060003326138586,0.02930831784973465,3,4.71238898038469,1.0,0.05000000000000071,0.10693141490800429,0.32700369249903627,0.9706916821502656
CO_active_stretch150_sto3g,cisd_orthogonal_component__de0.001__phase0,cisd_orthogonal_component,cisd,0.9345056467980485,0.001,0.8439802680485844,0.0011848618242132104,0,0.0,1.0,0.0009999999999985576,0.001896696043395707,0.04355107396374637,0.9988151381757866
CO_active_stretch150_sto3g,cisd_orthogonal_component__de0.001__phase1,cisd_orthogonal_component,cisd,0.9345056467980485,0.001,0.8439802680485844,0.0011848618242132104,1,1.5707963267948966,1.0,0.0009999999999994458,0.0018966960434099178,0.043551073963909524,0.998815138175787
CO_active_stretch150_sto3g,cisd_orthogonal_component__de0.001__phase2,cisd_orthogonal_component,cisd,0.9345056467980485,0.001,0.8439802680485844,0.0011848618242132104,2,3.141592653589793,1.0,0.001000000000000334,0.0018966960434099178,0.043551073963909524,0.9988151381757868
CO_active_stretch150_sto3g,cisd_orthogonal_component__de0.001__phase3,cisd_orthogonal_component,cisd,0.9345056467980485,0.001,0.8439802680485844,0.0011848618242132104,3,4.71238898038469,1.0,0.0009999999999994458,0.0018966960434099178,0.043551073963909524,0.998815138175787
CO_active_stretch150_sto3g,cisd_orthogonal_component__de0.005__phase0,cisd_orthogonal_component,cisd,0.9345056467980485,0.005,0.8439802680485844,0.005924309121066052,0,0.0,1.0,0.004999999999999893,0.009463480217039688,0.09728042052252697,0.9940756908789343
CO_active_stretch150_sto3g,cisd_orthogonal_component__de0.005__phase1,cisd_orthogonal_component,cisd,0.9345056467980485,0.005,0.8439802680485844,0.005924309121066052,1,1.5707963267948966,1.0,0.004999999999999893,0.009463480217039688,0.09728042052252697,0.9940756908789339
CO_active_stretch150_sto3g,cisd_orthogonal_component__de0.005__phase2,cisd_orthogonal_component,cisd,0.9345056467980485,0.005,0.8439802680485844,0.005924309121066052,2,3.141592653589793,1.0,0.004999999999999893,0.009463480217039688,0.09728042052252697,0.9940756908789341
CO_active_stretch150_sto3g,cisd_orthogonal_component__de0.005__phase3,cisd_orthogonal_component,cisd,0.9345056467980485,0.005,0.8439802680485844,0.005924309121066052,3,4.71238898038469,1.0,0.004999999999999893,0.009463480217039688,0.09728042052252697,0.9940756908789339
CO_active_stretch150_sto3g,cisd_orthogonal_component__de0.01__phase0,cisd_orthogonal_component,cisd,0.9345056467980485,0.01,0.8439802680485844,0.011848618242132104,0,0.0,1.0,0.010000000000001563,0.018876960434102585,0.13739345120529795,0.9881513817578675
CO_active_stretch150_sto3g,cisd_orthogonal_component__de0.01__phase1,cisd_orthogonal_component,cisd,0.9345056467980485,0.01,0.8439802680485844,0.011848618242132104,1,1.5707963267948966,1.0,0.009999999999999787,0.018876960434091927,0.13739345120525914,0.988151381757868
CO_active_stretch150_sto3g,cisd_orthogonal_component__de0.01__phase2,cisd_orthogonal_component,cisd,0.9345056467980485,0.01,0.8439802680485844,0.011848618242132104,2,3.141592653589793,1.0,0.010000000000000675,0.018876960434091927,0.13739345120525914,0.9881513817578675
CO_active_stretch150_sto3g,cisd_orthogonal_component__de0.01__phase3,cisd_orthogonal_component,cisd,0.9345056467980485,0.01,0.8439802680485844,0.011848618242132104,3,4.71238898038469,1.0,0.009999999999999787,0.018876960434091927,0.13739345120525914,0.9881513817578682
CO_active_stretch150_sto3g,cisd_orthogonal_component__de0.05__phase0,cisd_orthogonal_component,cisd,0.9345056467980485,0.05,0.8439802680485844,0.05924309121066052,0,0.0,1.0,0.04999999999999982,0.09238480217045719,0.3039486834491263,0.9407569087893395
CO_active_stretch150_sto3g,cisd_orthogonal_component__de0.05__phase1,cisd_orthogonal_component,cisd,0.9345056467980485,0.05,0.8439802680485844,0.05924309121066052,1,1.5707963267948966,1.0,0.05000000000000071,0.0923848021704643,0.303948683449138,0.9407569087893395
CO_active_stretch150_sto3g,cisd_orthogonal_component__de0.05__phase2,cisd_orthogonal_component,cisd,0.9345056467980485,0.05,0.8439802680485844,0.05924309121066052,2,3.141592653589793,1.0,0.0500000000000016,0.0923848021704643,0.303948683449138,0.9407569087893395
CO_active_stretch150_sto3g,cisd_orthogonal_component__de0.05__phase3,cisd_orthogonal_component,cisd,0.9345056467980485,0.05,0.8439802680485844,0.05924309121066052,3,4.71238898038469,1.0,0.04999999999999982,0.09238480217045719,0.3039486834491263,0.9407569087893395
CO_active_stretch150_sto3g,rhf_orthogonal_component__de0.001__phase0,rhf_orthogonal_component,rhf_determinant,0.5390860035049017,0.001,0.5920396034249373,0.0016890761939151028,0,0.0,1.0,0.001000000000000334,0.001187650288802189,0.03446230243036859,0.9983109238060848
CO_active_stretch150_sto3g,rhf_orthogonal_component__de0.001__phase1,rhf_orthogonal_component,rhf_determinant,0.5390860035049017,0.001,0.5920396034249373,0.0016890761939151028,1,1.5707963267948966,1.0,0.001000000000000334,0.001187650288802189,0.03446230243036859,0.998310923806085
CO_active_stretch150_sto3g,rhf_orthogonal_component__de0.001__phase2,rhf_orthogonal_component,rhf_determinant,0.5390860035049017,0.001,0.5920396034249373,0.0016890761939151028,2,3.141592653589793,1.0,0.001000000000000334,0.001187650288802189,0.03446230243036859,0.9983109238060848
CO_active_stretch150_sto3g,rhf_orthogonal_component__de0.001__phase3,rhf_orthogonal_component,rhf_determinant,0.5390860035049017,0.001,0.5920396034249373,0.0016890761939151028,3,4.71238898038469,1.0,0.001000000000000334,0.001187650288802189,0.03446230243036859,0.998310923806085
CO_active_stretch150_sto3g,rhf_orthogonal_component__de0.005__phase0,rhf_orthogonal_component,rhf_determinant,0.5390860035049017,0.005,0.5920396034249373,0.008445380969575514,0,0.0,1.0000000000000002,0.004999999999999005,0.005918251444008149,0.07693017252033267,0.9915546190304251
CO_active_stretch150_sto3g,rhf_orthogonal_component__de0.005__phase1,rhf_orthogonal_component,rhf_determinant,0.5390860035049017,0.005,0.5920396034249373,0.008445380969575514,1,1.5707963267948966,1.0,0.005000000000000782,0.0059182514440152545,0.07693017252037886,0.9915546190304242
CO_active_stretch150_sto3g,rhf_orthogonal_component__de0.005__phase2,rhf_orthogonal_component,rhf_determinant,0.5390860035049017,0.005,0.5920396034249373,0.008445380969575514,2,3.141592653589793,1.0,0.005000000000000782,0.005918251444018807,0.07693017252040195,0.9915546190304246
CO_active_stretch150_sto3g,rhf_orthogonal_component__de0.005__phase3,rhf_orthogonal_component,rhf_determinant,0.5390860035049017,0.005,0.5920396034249373,0.008445380969575514,3,4.71238898038469,1.0,0.005000000000000782,0.0059182514440152545,0.07693017252037886,0.9915546190304242
CO_active_stretch150_sto3g,rhf_orthogonal_component__de0.01__phase0,rhf_orthogonal_component,rhf_determinant,0.5390860035049017,0.01,0.5920396034249373,0.01689076193915103,0,0.0,1.0000000000000002,0.009999999999998899,0.011786502888025296,0.10856566164319774,0.9831092380608494
CO_active_stretch150_sto3g,rhf_orthogonal_component__de0.01__phase1,rhf_orthogonal_component,rhf_determinant,0.5390860035049017,0.01,0.5920396034249373,0.01689076193915103,1,1.5707963267948966,1.0,0.009999999999999787,0.011786502888032402,0.10856566164323046,0.9831092380608489
CO_active_stretch150_sto3g,rhf_orthogonal_component__de0.01__phase2,rhf_orthogonal_component,rhf_determinant,0.5390860035049017,0.01,0.5920396034249373,0.01689076193915103,2,3.141592653589793,1.0,0.010000000000000675,0.011786502888032402,0.10856566164323046,0.9831092380608489
CO_active_stretch150_sto3g,rhf_orthogonal_component__de0.01__phase3,rhf_orthogonal_component,rhf_determinant,0.5390860035049017,0.01,0.5920396034249373,0.01689076193915103,3,4.71238898038469,1.0,0.009999999999999787,0.011786502888032402,0.10856566164323046,0.9831092380608489
CO_active_stretch150_sto3g,rhf_orthogonal_component__de0.05__phase0,rhf_orthogonal_component,rhf_determinant,0.5390860035049017,0.05,0.5920396034249373,0.08445380969575514,0,0.0,1.0,0.04999999999999982,0.05693251444017733,0.23860535291601764,0.915546190304245
CO_active_stretch150_sto3g,rhf_orthogonal_component__de0.05__phase1,rhf_orthogonal_component,rhf_determinant,0.5390860035049017,0.05,0.5920396034249373,0.08445380969575514,1,1.5707963267948966,1.0,0.04999999999999982,0.05693251444017022,0.23860535291600274,0.915546190304245
CO_active_stretch150_sto3g,rhf_orthogonal_component__de0.05__phase2,rhf_orthogonal_component,rhf_determinant,0.5390860035049017,0.05,0.5920396034249373,0.08445380969575514,2,3.141592653589793,1.0,0.04999999999999982,0.056932514440173776,0.2386053529160102,0.9155461903042452
CO_active_stretch150_sto3g,rhf_orthogonal_component__de0.05__phase3,rhf_orthogonal_component,rhf_determinant,0.5390860035049017,0.05,0.5920396034249373,0.08445380969575514,3,4.71238898038469,1.0,0.04999999999999982,0.05693251444017022,0.23860535291600274,0.915546190304245
