condition,formula,formal_order,grid,noise_floor_hartree,qualified,selected_times,free_order,fixed_order_alpha,r2,excluded_by_floor,failure_reasons,source_protocol,selected_window
active_equilibrium,yoshida4,4,shared_molecular,5e-13,True,"[0.06, 0.07219448409962559, 0.0868673922401849, 0.10452244279766615, 0.12576573057683554]",3.9965209923907565,0.019217035235768103,0.9999999649888508,[],[],shared_molecular,"{""start_index"": 0, ""stop_index_exclusive"": 5, ""t_start"": 0.06, ""t_stop"": 0.12576573057683554, ""num_points"": 5, ""free_order"": 3.9965209923907565, ""free_alpha"": 0.0190543729388688, ""r2"": 0.9999999649888508, ""fixed_order_alpha"": 0.019217035235768103, ""order_deviation"": 0.0034790076092434674}"
active_equilibrium,yoshida4,4,shared_molecular,5e-12,True,"[0.06, 0.07219448409962559, 0.0868673922401849, 0.10452244279766615, 0.12576573057683554]",3.9965209923907565,0.019217035235768103,0.9999999649888508,[],[],shared_molecular,"{""start_index"": 0, ""stop_index_exclusive"": 5, ""t_start"": 0.06, ""t_stop"": 0.12576573057683554, ""num_points"": 5, ""free_order"": 3.9965209923907565, ""free_alpha"": 0.0190543729388688, ""r2"": 0.9999999649888508, ""fixed_order_alpha"": 0.019217035235768103, ""order_deviation"": 0.0034790076092434674}"
active_equilibrium,yoshida4,4,legacy_molecular_sensitivity,5e-13,True,"[0.02, 0.02292183941538839, 0.026270536109242643, 0.030108450502611094, 0.034507053373351075]",3.9996970462631523,0.01924936184239475,0.9999999998383522,[],[],legacy_molecular_sensitivity,"{""start_index"": 0, ""stop_index_exclusive"": 5, ""t_start"": 0.02, ""t_stop"": 0.034507053373351075, ""num_points"": 5, ""free_order"": 3.9996970462631523, ""free_alpha"": 0.0192281503130127, ""r2"": 0.9999999998383522, ""fixed_order_alpha"": 0.01924936184239475, ""order_deviation"": 0.0003029537368477442}"
active_equilibrium,yoshida4,4,legacy_molecular_sensitivity,5e-12,True,"[0.02, 0.02292183941538839, 0.026270536109242643, 0.030108450502611094, 0.034507053373351075]",3.9996970462631523,0.01924936184239475,0.9999999998383522,[],[],legacy_molecular_sensitivity,"{""start_index"": 0, ""stop_index_exclusive"": 5, ""t_start"": 0.02, ""t_stop"": 0.034507053373351075, ""num_points"": 5, ""free_order"": 3.9996970462631523, ""free_alpha"": 0.0192281503130127, ""r2"": 0.9999999998383522, ""fixed_order_alpha"": 0.01924936184239475, ""order_deviation"": 0.0003029537368477442}"
active_equilibrium,paper_new4,4,shared_molecular,5e-13,True,"[0.06, 0.07219448409962559, 0.0868673922401849, 0.10452244279766615, 0.12576573057683554]",3.9974009721300865,0.00027048107424373506,0.9999999804363383,[],[],shared_molecular,"{""start_index"": 0, ""stop_index_exclusive"": 5, ""t_start"": 0.06, ""t_stop"": 0.12576573057683554, ""num_points"": 5, ""free_order"": 3.9974009721300865, ""free_alpha"": 0.00026876885541294123, ""r2"": 0.9999999804363383, ""fixed_order_alpha"": 0.00027048107424373506, ""order_deviation"": 0.002599027869913506}"
active_equilibrium,paper_new4,4,shared_molecular,5e-12,True,"[0.06, 0.07219448409962559, 0.0868673922401849, 0.10452244279766615, 0.12576573057683554]",3.9974009721300865,0.00027048107424373506,0.9999999804363383,[],[],shared_molecular,"{""start_index"": 0, ""stop_index_exclusive"": 5, ""t_start"": 0.06, ""t_stop"": 0.12576573057683554, ""num_points"": 5, ""free_order"": 3.9974009721300865, ""free_alpha"": 0.00026876885541294123, ""r2"": 0.9999999804363383, ""fixed_order_alpha"": 0.00027048107424373506, ""order_deviation"": 0.002599027869913506}"
active_equilibrium,paper_new4,4,legacy_molecular_sensitivity,5e-13,True,"[0.02, 0.02292183941538839, 0.026270536109242643, 0.030108450502611094, 0.034507053373351075]",3.999944432244087,0.0002708143710863962,0.999999996126794,[],[],legacy_molecular_sensitivity,"{""start_index"": 0, ""stop_index_exclusive"": 5, ""t_start"": 0.02, ""t_stop"": 0.034507053373351075, ""num_points"": 5, ""free_order"": 3.999944432244087, ""free_alpha"": 0.00027075961033767013, ""r2"": 0.999999996126794, ""fixed_order_alpha"": 0.0002708143710863962, ""order_deviation"": 5.556775591308849e-05}"
active_equilibrium,paper_new4,4,legacy_molecular_sensitivity,5e-12,True,"[0.02, 0.02292183941538839, 0.026270536109242643, 0.030108450502611094, 0.034507053373351075]",3.999944432244087,0.0002708143710863962,0.999999996126794,[],[],legacy_molecular_sensitivity,"{""start_index"": 0, ""stop_index_exclusive"": 5, ""t_start"": 0.02, ""t_stop"": 0.034507053373351075, ""num_points"": 5, ""free_order"": 3.999944432244087, ""free_alpha"": 0.00027075961033767013, ""r2"": 0.999999996126794, ""fixed_order_alpha"": 0.0002708143710863962, ""order_deviation"": 5.556775591308849e-05}"
active_equilibrium,m5_best,4,shared_molecular,5e-13,True,"[0.06, 0.07219448409962559, 0.0868673922401849, 0.10452244279766615, 0.12576573057683554]",3.998567472281181,4.616644338587062e-06,0.9999999960670667,[],[],shared_molecular,"{""start_index"": 0, ""stop_index_exclusive"": 5, ""t_start"": 0.06, ""t_stop"": 0.12576573057683554, ""num_points"": 5, ""free_order"": 3.998567472281181, ""free_alpha"": 4.600513412319395e-06, ""r2"": 0.9999999960670667, ""fixed_order_alpha"": 4.616644338587062e-06, ""order_deviation"": 0.0014325277188191876}"
active_equilibrium,m5_best,4,shared_molecular,5e-12,True,"[0.06, 0.07219448409962559, 0.0868673922401849, 0.10452244279766615, 0.12576573057683554]",3.998567472281181,4.616644338587062e-06,0.9999999960670667,[],[],shared_molecular,"{""start_index"": 0, ""stop_index_exclusive"": 5, ""t_start"": 0.06, ""t_stop"": 0.12576573057683554, ""num_points"": 5, ""free_order"": 3.998567472281181, ""free_alpha"": 4.600513412319395e-06, ""r2"": 0.9999999960670667, ""fixed_order_alpha"": 4.616644338587062e-06, ""order_deviation"": 0.0014325277188191876}"
active_equilibrium,m5_best,4,legacy_molecular_sensitivity,5e-13,True,"[0.02, 0.02292183941538839, 0.026270536109242643, 0.030108450502611094, 0.034507053373351075]",3.9896546752025657,4.631221875063481e-06,0.9999931117017221,[],[],legacy_molecular_sensitivity,"{""start_index"": 0, ""stop_index_exclusive"": 5, ""t_start"": 0.02, ""t_stop"": 0.034507053373351075, ""num_points"": 5, ""free_order"": 3.9896546752025657, ""free_alpha"": 4.460098814302045e-06, ""r2"": 0.9999931117017221, ""fixed_order_alpha"": 4.631221875063481e-06, ""order_deviation"": 0.01034532479743433}"
active_equilibrium,m5_best,4,legacy_molecular_sensitivity,5e-12,True,"[0.034507053373351075, 0.039548256806109475, 0.0453259395834091, 0.051947695424124994, 0.059536836625564964]",4.001704353940608,4.617017322968398e-06,0.9999998875925487,"[{""time"": 0.02, ""error_hartree"": 7.417677583276827e-13}, {""time"": 0.02292183941538839, ""error_hartree"": 1.2847426942713924e-12}, {""time"": 0.026270536109242643, ""error_hartree"": 2.2012775664223013e-12}, {""time"": 0.030108450502611094, ""error_hartree"": 3.8035668750257815e-12}]",[],legacy_molecular_sensitivity,"{""start_index"": 4, ""stop_index_exclusive"": 9, ""t_start"": 0.034507053373351075, ""t_stop"": 0.059536836625564964, ""num_points"": 5, ""free_order"": 4.001704353940608, ""free_alpha"": 4.64142743097256e-06, ""r2"": 0.9999998875925487, ""fixed_order_alpha"": 4.617017322968398e-06, ""order_deviation"": 0.0017043539406076391}"
active_equilibrium,two_term_center,4,shared_molecular,5e-13,True,"[0.06, 0.07219448409962559, 0.0868673922401849, 0.10452244279766615, 0.12576573057683554]",3.9994553101741332,8.942022527502102e-05,0.9999999992383823,[],[],shared_molecular,"{""start_index"": 0, ""stop_index_exclusive"": 5, ""t_start"": 0.06, ""t_stop"": 0.12576573057683554, ""num_points"": 5, ""free_order"": 3.9994553101741332, ""free_alpha"": 8.930129682781064e-05, ""r2"": 0.9999999992383823, ""fixed_order_alpha"": 8.942022527502102e-05, ""order_deviation"": 0.000544689825866751}"
active_equilibrium,two_term_center,4,shared_molecular,5e-12,True,"[0.06, 0.07219448409962559, 0.0868673922401849, 0.10452244279766615, 0.12576573057683554]",3.9994553101741332,8.942022527502102e-05,0.9999999992383823,[],[],shared_molecular,"{""start_index"": 0, ""stop_index_exclusive"": 5, ""t_start"": 0.06, ""t_stop"": 0.12576573057683554, ""num_points"": 5, ""free_order"": 3.9994553101741332, ""free_alpha"": 8.930129682781064e-05, ""r2"": 0.9999999992383823, ""fixed_order_alpha"": 8.942022527502102e-05, ""order_deviation"": 0.000544689825866751}"
active_equilibrium,two_term_center,4,legacy_molecular_sensitivity,5e-13,True,"[0.02, 0.02292183941538839, 0.026270536109242643, 0.030108450502611094, 0.034507053373351075]",3.9991089286423454,8.945265512637892e-05,0.9999999690050503,[],[],legacy_molecular_sensitivity,"{""start_index"": 0, ""stop_index_exclusive"": 5, ""t_start"": 0.02, ""t_stop"": 0.034507053373351075, ""num_points"": 5, ""free_order"": 3.9991089286423454, ""free_alpha"": 8.91630405262076e-05, ""r2"": 0.9999999690050503, ""fixed_order_alpha"": 8.945265512637892e-05, ""order_deviation"": 0.0008910713576546492}"
active_equilibrium,two_term_center,4,legacy_molecular_sensitivity,5e-12,True,"[0.02, 0.02292183941538839, 0.026270536109242643, 0.030108450502611094, 0.034507053373351075]",3.9991089286423454,8.945265512637892e-05,0.9999999690050503,[],[],legacy_molecular_sensitivity,"{""start_index"": 0, ""stop_index_exclusive"": 5, ""t_start"": 0.02, ""t_stop"": 0.034507053373351075, ""num_points"": 5, ""free_order"": 3.9991089286423454, ""free_alpha"": 8.91630405262076e-05, ""r2"": 0.9999999690050503, ""fixed_order_alpha"": 8.945265512637892e-05, ""order_deviation"": 0.0008910713576546492}"
active_equilibrium,joint_refine_r0_s0046,4,shared_molecular,5e-13,True,"[0.06, 0.07219448409962559, 0.0868673922401849, 0.10452244279766615, 0.12576573057683554]",3.998580000956176,0.0020588325513750476,0.99999999417555,[],[],shared_molecular,"{""start_index"": 0, ""stop_index_exclusive"": 5, ""t_start"": 0.06, ""t_stop"": 0.12576573057683554, ""num_points"": 5, ""free_order"": 3.998580000956176, ""free_alpha"": 0.002051701631194346, ""r2"": 0.99999999417555, ""fixed_order_alpha"": 0.0020588325513750476, ""order_deviation"": 0.0014199990438239496}"
active_equilibrium,joint_refine_r0_s0046,4,shared_molecular,5e-12,True,"[0.06, 0.07219448409962559, 0.0868673922401849, 0.10452244279766615, 0.12576573057683554]",3.998580000956176,0.0020588325513750476,0.99999999417555,[],[],shared_molecular,"{""start_index"": 0, ""stop_index_exclusive"": 5, ""t_start"": 0.06, ""t_stop"": 0.12576573057683554, ""num_points"": 5, ""free_order"": 3.998580000956176, ""free_alpha"": 0.002051701631194346, ""r2"": 0.99999999417555, ""fixed_order_alpha"": 0.0020588325513750476, ""order_deviation"": 0.0014199990438239496}"
active_equilibrium,joint_refine_r0_s0046,4,legacy_molecular_sensitivity,5e-13,True,"[0.02, 0.02292183941538839, 0.026270536109242643, 0.030108450502611094, 0.034507053373351075]",3.9998517893712062,0.002060246409564844,0.9999999999319622,[],[],legacy_molecular_sensitivity,"{""start_index"": 0, ""stop_index_exclusive"": 5, ""t_start"": 0.02, ""t_stop"": 0.034507053373351075, ""num_points"": 5, ""free_order"": 3.9998517893712062, ""free_alpha"": 0.002059135445222408, ""r2"": 0.9999999999319622, ""fixed_order_alpha"": 0.002060246409564844, ""order_deviation"": 0.00014821062879377678}"
active_equilibrium,joint_refine_r0_s0046,4,legacy_molecular_sensitivity,5e-12,True,"[0.02, 0.02292183941538839, 0.026270536109242643, 0.030108450502611094, 0.034507053373351075]",3.9998517893712062,0.002060246409564844,0.9999999999319622,[],[],legacy_molecular_sensitivity,"{""start_index"": 0, ""stop_index_exclusive"": 5, ""t_start"": 0.02, ""t_stop"": 0.034507053373351075, ""num_points"": 5, ""free_order"": 3.9998517893712062, ""free_alpha"": 0.002059135445222408, ""r2"": 0.9999999999319622, ""fixed_order_alpha"": 0.002060246409564844, ""order_deviation"": 0.00014821062879377678}"
active_equilibrium,yoshida6_m3,6,shared_molecular,5e-13,True,"[0.06, 0.07219448409962559, 0.0868673922401849, 0.10452244279766615, 0.12576573057683554]",5.997204800587757,0.0011819792033468445,0.99999998687593,[],[],shared_molecular,"{""start_index"": 0, ""stop_index_exclusive"": 5, ""t_start"": 0.06, ""t_stop"": 0.12576573057683554, ""num_points"": 5, ""free_order"": 5.997204800587757, ""free_alpha"": 0.0011739341280572065, ""r2"": 0.99999998687593, ""fixed_order_alpha"": 0.0011819792033468445, ""order_deviation"": 0.0027951994122430435}"
active_equilibrium,yoshida6_m3,6,shared_molecular,5e-12,True,"[0.06, 0.07219448409962559, 0.0868673922401849, 0.10452244279766615, 0.12576573057683554]",5.997204800587757,0.0011819792033468445,0.99999998687593,[],[],shared_molecular,"{""start_index"": 0, ""stop_index_exclusive"": 5, ""t_start"": 0.06, ""t_stop"": 0.12576573057683554, ""num_points"": 5, ""free_order"": 5.997204800587757, ""free_alpha"": 0.0011739341280572065, ""r2"": 0.99999998687593, ""fixed_order_alpha"": 0.0011819792033468445, ""order_deviation"": 0.0027951994122430435}"
active_equilibrium,yoshida6_m3,6,legacy_molecular_sensitivity,5e-13,True,"[0.030108450502611094, 0.034507053373351075, 0.039548256806109475, 0.0453259395834091, 0.051947695424124994]",6.007125165409112,0.00118229278286336,0.9999985279505598,"[{""time"": 0.02, ""error_hartree"": 7.771561172376096e-14}, {""time"": 0.02292183941538839, ""error_hartree"": 1.7315570714496617e-13}, {""time"": 0.026270536109242643, ""error_hartree"": 3.8933082948241807e-13}]",[],legacy_molecular_sensitivity,"{""start_index"": 3, ""stop_index_exclusive"": 8, ""t_start"": 0.030108450502611094, ""t_stop"": 0.051947695424124994, ""num_points"": 5, ""free_order"": 6.007125165409112, ""free_alpha"": 0.0012098199400954431, ""r2"": 0.9999985279505598, ""fixed_order_alpha"": 0.00118229278286336, ""order_deviation"": 0.007125165409111567}"
active_equilibrium,yoshida6_m3,6,legacy_molecular_sensitivity,5e-12,True,"[0.0453259395834091, 0.051947695424124994, 0.059536836625564964, 0.06823469042157068, 0.07820323082009921]",5.998255805046689,0.0011831481178311229,0.9999999663027502,"[{""time"": 0.02, ""error_hartree"": 7.771561172376096e-14}, {""time"": 0.02292183941538839, ""error_hartree"": 1.7315570714496617e-13}, {""time"": 0.026270536109242643, ""error_hartree"": 3.8933082948241807e-13}, {""time"": 0.030108450502611094, ""error_hartree"": 8.794480850156557e-13}, {""time"": 0.034507053373351075, ""error_hartree"": 1.9899495135129664e-12}, {""time"": 0.039548256806109475, ""error_hartree"": 4.53372747517064e-12}]",[],legacy_molecular_sensitivity,"{""start_index"": 6, ""stop_index_exclusive"": 11, ""t_start"": 0.0453259395834091, ""t_stop"": 0.07820323082009921, ""num_points"": 5, ""free_order"": 5.998255805046689, ""free_alpha"": 0.0011773405565566897, ""r2"": 0.9999999663027502, ""fixed_order_alpha"": 0.0011831481178311229, ""order_deviation"": 0.0017441949533107959}"
active_stretch150,yoshida4,4,shared_molecular,5e-13,True,"[0.06, 0.07219448409962559, 0.0868673922401849, 0.10452244279766615, 0.12576573057683554]",3.9952058077873462,0.00358907616100509,0.9999999336480236,[],[],shared_molecular,"{""start_index"": 0, ""stop_index_exclusive"": 5, ""t_start"": 0.06, ""t_stop"": 0.12576573057683554, ""num_points"": 5, ""free_order"": 3.9952058077873462, ""free_alpha"": 0.003547279015054438, ""r2"": 0.9999999336480236, ""fixed_order_alpha"": 0.00358907616100509, ""order_deviation"": 0.004794192212653758}"
active_stretch150,yoshida4,4,shared_molecular,5e-12,True,"[0.06, 0.07219448409962559, 0.0868673922401849, 0.10452244279766615, 0.12576573057683554]",3.9952058077873462,0.00358907616100509,0.9999999336480236,[],[],shared_molecular,"{""start_index"": 0, ""stop_index_exclusive"": 5, ""t_start"": 0.06, ""t_stop"": 0.12576573057683554, ""num_points"": 5, ""free_order"": 3.9952058077873462, ""free_alpha"": 0.003547279015054438, ""r2"": 0.9999999336480236, ""fixed_order_alpha"": 0.00358907616100509, ""order_deviation"": 0.004794192212653758}"
active_stretch150,yoshida4,4,legacy_molecular_sensitivity,5e-13,True,"[0.02, 0.02292183941538839, 0.026270536109242643, 0.030108450502611094, 0.034507053373351075]",3.9995791774545806,0.003597406254272253,0.9999999996359201,[],[],legacy_molecular_sensitivity,"{""start_index"": 0, ""stop_index_exclusive"": 5, ""t_start"": 0.02, ""t_stop"": 0.034507053373351075, ""num_points"": 5, ""free_order"": 3.9995791774545806, ""free_alpha"": 0.0035919010341329857, ""r2"": 0.9999999996359201, ""fixed_order_alpha"": 0.003597406254272253, ""order_deviation"": 0.0004208225454194192}"
active_stretch150,yoshida4,4,legacy_molecular_sensitivity,5e-12,True,"[0.02, 0.02292183941538839, 0.026270536109242643, 0.030108450502611094, 0.034507053373351075]",3.9995791774545806,0.003597406254272253,0.9999999996359201,[],[],legacy_molecular_sensitivity,"{""start_index"": 0, ""stop_index_exclusive"": 5, ""t_start"": 0.02, ""t_stop"": 0.034507053373351075, ""num_points"": 5, ""free_order"": 3.9995791774545806, ""free_alpha"": 0.0035919010341329857, ""r2"": 0.9999999996359201, ""fixed_order_alpha"": 0.003597406254272253, ""order_deviation"": 0.0004208225454194192}"
active_stretch150,paper_new4,4,shared_molecular,5e-13,True,"[0.06, 0.07219448409962559, 0.0868673922401849, 0.10452244279766615, 0.12576573057683554]",3.997941795843286,5.056637415857331e-05,0.9999999883103152,[],[],shared_molecular,"{""start_index"": 0, ""stop_index_exclusive"": 5, ""t_start"": 0.06, ""t_stop"": 0.12576573057683554, ""num_points"": 5, ""free_order"": 3.997941795843286, ""free_alpha"": 5.03127162611221e-05, ""r2"": 0.9999999883103152, ""fixed_order_alpha"": 5.056637415857331e-05, ""order_deviation"": 0.002058204156714094}"
active_stretch150,paper_new4,4,shared_molecular,5e-12,True,"[0.06, 0.07219448409962559, 0.0868673922401849, 0.10452244279766615, 0.12576573057683554]",3.997941795843286,5.056637415857331e-05,0.9999999883103152,[],[],shared_molecular,"{""start_index"": 0, ""stop_index_exclusive"": 5, ""t_start"": 0.06, ""t_stop"": 0.12576573057683554, ""num_points"": 5, ""free_order"": 3.997941795843286, ""free_alpha"": 5.03127162611221e-05, ""r2"": 0.9999999883103152, ""fixed_order_alpha"": 5.056637415857331e-05, ""order_deviation"": 0.002058204156714094}"
active_stretch150,paper_new4,4,legacy_molecular_sensitivity,5e-13,True,"[0.02, 0.02292183941538839, 0.026270536109242643, 0.030108450502611094, 0.034507053373351075]",3.9980044720847037,5.063427949996411e-05,0.999999954557084,[],[],legacy_molecular_sensitivity,"{""start_index"": 0, ""stop_index_exclusive"": 5, ""t_start"": 0.02, ""t_stop"": 0.034507053373351075, ""num_points"": 5, ""free_order"": 3.9980044720847037, ""free_alpha"": 5.026788822400135e-05, ""r2"": 0.999999954557084, ""fixed_order_alpha"": 5.063427949996411e-05, ""order_deviation"": 0.0019955279152963357}"
active_stretch150,paper_new4,4,legacy_molecular_sensitivity,5e-12,True,"[0.02, 0.02292183941538839, 0.026270536109242643, 0.030108450502611094, 0.034507053373351075]",3.9980044720847037,5.063427949996411e-05,0.999999954557084,[],[],legacy_molecular_sensitivity,"{""start_index"": 0, ""stop_index_exclusive"": 5, ""t_start"": 0.02, ""t_stop"": 0.034507053373351075, ""num_points"": 5, ""free_order"": 3.9980044720847037, ""free_alpha"": 5.026788822400135e-05, ""r2"": 0.999999954557084, ""fixed_order_alpha"": 5.063427949996411e-05, ""order_deviation"": 0.0019955279152963357}"
active_stretch150,m5_best,4,shared_molecular,5e-13,True,"[0.06, 0.07219448409962559, 0.0868673922401849, 0.10452244279766615, 0.12576573057683554]",3.9988684496466753,8.631040837052579e-07,0.99999998718148,[],[],shared_molecular,"{""start_index"": 0, ""stop_index_exclusive"": 5, ""t_start"": 0.06, ""t_stop"": 0.12576573057683554, ""num_points"": 5, ""free_order"": 3.9988684496466753, ""free_alpha"": 8.607210701299655e-07, ""r2"": 0.99999998718148, ""fixed_order_alpha"": 8.631040837052579e-07, ""order_deviation"": 0.001131550353324684}"
active_stretch150,m5_best,4,shared_molecular,5e-12,True,"[0.06, 0.07219448409962559, 0.0868673922401849, 0.10452244279766615, 0.12576573057683554]",3.9988684496466753,8.631040837052579e-07,0.99999998718148,[],[],shared_molecular,"{""start_index"": 0, ""stop_index_exclusive"": 5, ""t_start"": 0.06, ""t_stop"": 0.12576573057683554, ""num_points"": 5, ""free_order"": 3.9988684496466753, ""free_alpha"": 8.607210701299655e-07, ""r2"": 0.99999998718148, ""fixed_order_alpha"": 8.631040837052579e-07, ""order_deviation"": 0.001131550353324684}"
active_stretch150,m5_best,4,legacy_molecular_sensitivity,5e-13,True,"[0.030108450502611094, 0.034507053373351075, 0.039548256806109475, 0.0453259395834091, 0.051947695424124994]",3.991917386084312,8.649347048232424e-07,0.9999958976465309,"[{""time"": 0.02, ""error_hartree"": 1.5057399771478686e-13}, {""time"": 0.02292183941538839, ""error_hartree"": 2.391486165114043e-13}, {""time"": 0.026270536109242643, ""error_hartree"": 4.1415925415768764e-13}]",[],legacy_molecular_sensitivity,"{""start_index"": 3, ""stop_index_exclusive"": 8, ""t_start"": 0.030108450502611094, ""t_stop"": 0.051947695424124994, ""num_points"": 5, ""free_order"": 3.991917386084312, ""free_alpha"": 8.426446061002811e-07, ""r2"": 0.9999958976465309, ""fixed_order_alpha"": 8.649347048232424e-07, ""order_deviation"": 0.008082613915687986}"
active_stretch150,m5_best,4,legacy_molecular_sensitivity,5e-12,True,"[0.051947695424124994, 0.059536836625564964, 0.06823469042157068, 0.07820323082009921, 0.08962809493114333]",4.001706932757261,8.632228898396874e-07,0.9999989001926297,"[{""time"": 0.02, ""error_hartree"": 1.5057399771478686e-13}, {""time"": 0.02292183941538839, ""error_hartree"": 2.391486165114043e-13}, {""time"": 0.026270536109242643, ""error_hartree"": 4.1415925415768764e-13}, {""time"": 0.030108450502611094, ""error_hartree"": 7.125926307307148e-13}, {""time"": 0.034507053373351075, ""error_hartree"": 1.2250174248505448e-12}, {""time"": 0.039548256806109475, ""error_hartree"": 2.1201843192709758e-12}, {""time"": 0.0453259395834091, ""error_hartree"": 3.650861809844327e-12}]",[],legacy_molecular_sensitivity,"{""start_index"": 7, ""stop_index_exclusive"": 12, ""t_start"": 0.051947695424124994, ""t_stop"": 0.08962809493114333, ""num_points"": 5, ""free_order"": 4.001706932757261, ""free_alpha"": 8.67187926169986e-07, ""r2"": 0.9999989001926297, ""fixed_order_alpha"": 8.632228898396874e-07, ""order_deviation"": 0.0017069327572611925}"
active_stretch150,two_term_center,4,shared_molecular,5e-13,True,"[0.06, 0.07219448409962559, 0.0868673922401849, 0.10452244279766615, 0.12576573057683554]",3.999407945965712,1.6711815911427115e-05,0.9999999989554025,[],[],shared_molecular,"{""start_index"": 0, ""stop_index_exclusive"": 5, ""t_start"": 0.06, ""t_stop"": 0.12576573057683554, ""num_points"": 5, ""free_order"": 3.999407945965712, ""free_alpha"": 1.6687657932997103e-05, ""r2"": 0.9999999989554025, ""fixed_order_alpha"": 1.6711815911427115e-05, ""order_deviation"": 0.0005920540342878589}"
active_stretch150,two_term_center,4,shared_molecular,5e-12,True,"[0.06, 0.07219448409962559, 0.0868673922401849, 0.10452244279766615, 0.12576573057683554]",3.999407945965712,1.6711815911427115e-05,0.9999999989554025,[],[],shared_molecular,"{""start_index"": 0, ""stop_index_exclusive"": 5, ""t_start"": 0.06, ""t_stop"": 0.12576573057683554, ""num_points"": 5, ""free_order"": 3.999407945965712, ""free_alpha"": 1.6687657932997103e-05, ""r2"": 0.9999999989554025, ""fixed_order_alpha"": 1.6711815911427115e-05, ""order_deviation"": 0.0005920540342878589}"
active_stretch150,two_term_center,4,legacy_molecular_sensitivity,5e-13,True,"[0.02, 0.02292183941538839, 0.026270536109242643, 0.030108450502611094, 0.034507053373351075]",3.9974536052503367,1.6725338451017365e-05,0.9999995298095556,[],[],legacy_molecular_sensitivity,"{""start_index"": 0, ""stop_index_exclusive"": 5, ""t_start"": 0.02, ""t_stop"": 0.034507053373351075, ""num_points"": 5, ""free_order"": 3.9974536052503367, ""free_alpha"": 1.6571058818485917e-05, ""r2"": 0.9999995298095556, ""fixed_order_alpha"": 1.6725338451017365e-05, ""order_deviation"": 0.002546394749663339}"
active_stretch150,two_term_center,4,legacy_molecular_sensitivity,5e-12,True,"[0.026270536109242643, 0.030108450502611094, 0.034507053373351075, 0.039548256806109475, 0.0453259395834091]",4.000123813882812,1.6717638422462522e-05,0.9999999620369399,"[{""time"": 0.02, ""error_hartree"": 2.6798008256889716e-12}, {""time"": 0.02292183941538839, ""error_hartree"": 4.616476457973311e-12}]",[],legacy_molecular_sensitivity,"{""start_index"": 2, ""stop_index_exclusive"": 7, ""t_start"": 0.026270536109242643, ""t_stop"": 0.0453259395834091, ""num_points"": 5, ""free_order"": 4.000123813882812, ""free_alpha"": 1.672460830107436e-05, ""r2"": 0.9999999620369399, ""fixed_order_alpha"": 1.6717638422462522e-05, ""order_deviation"": 0.00012381388281212935}"
active_stretch150,joint_refine_r0_s0046,4,shared_molecular,5e-13,True,"[0.06, 0.07219448409962559, 0.0868673922401849, 0.10452244279766615, 0.12576573057683554]",3.9980444035557667,0.0003846779458388711,0.9999999889863027,[],[],shared_molecular,"{""start_index"": 0, ""stop_index_exclusive"": 5, ""t_start"": 0.06, ""t_stop"": 0.12576573057683554, ""num_points"": 5, ""free_order"": 3.9980444035557667, ""free_alpha"": 0.00038284424262164665, ""r2"": 0.9999999889863027, ""fixed_order_alpha"": 0.0003846779458388711, ""order_deviation"": 0.001955596444233265}"
active_stretch150,joint_refine_r0_s0046,4,shared_molecular,5e-12,True,"[0.06, 0.07219448409962559, 0.0868673922401849, 0.10452244279766615, 0.12576573057683554]",3.9980444035557667,0.0003846779458388711,0.9999999889863027,[],[],shared_molecular,"{""start_index"": 0, ""stop_index_exclusive"": 5, ""t_start"": 0.06, ""t_stop"": 0.12576573057683554, ""num_points"": 5, ""free_order"": 3.9980444035557667, ""free_alpha"": 0.00038284424262164665, ""r2"": 0.9999999889863027, ""fixed_order_alpha"": 0.0003846779458388711, ""order_deviation"": 0.001955596444233265}"
active_stretch150,joint_refine_r0_s0046,4,legacy_molecular_sensitivity,5e-13,True,"[0.02, 0.02292183941538839, 0.026270536109242643, 0.030108450502611094, 0.034507053373351075]",3.9998449383148,0.0003850438422000029,0.9999999999368738,[],[],legacy_molecular_sensitivity,"{""start_index"": 0, ""stop_index_exclusive"": 5, ""t_start"": 0.02, ""t_stop"": 0.034507053373351075, ""num_points"": 5, ""free_order"": 3.9998449383148, ""free_alpha"": 0.00038482661666650915, ""r2"": 0.9999999999368738, ""fixed_order_alpha"": 0.0003850438422000029, ""order_deviation"": 0.00015506168519996422}"
active_stretch150,joint_refine_r0_s0046,4,legacy_molecular_sensitivity,5e-12,True,"[0.02, 0.02292183941538839, 0.026270536109242643, 0.030108450502611094, 0.034507053373351075]",3.9998449383148,0.0003850438422000029,0.9999999999368738,[],[],legacy_molecular_sensitivity,"{""start_index"": 0, ""stop_index_exclusive"": 5, ""t_start"": 0.02, ""t_stop"": 0.034507053373351075, ""num_points"": 5, ""free_order"": 3.9998449383148, ""free_alpha"": 0.00038482661666650915, ""r2"": 0.9999999999368738, ""fixed_order_alpha"": 0.0003850438422000029, ""order_deviation"": 0.00015506168519996422}"
active_stretch150,yoshida6_m3,6,shared_molecular,5e-13,True,"[0.06, 0.07219448409962559, 0.0868673922401849, 0.10452244279766615, 0.12576573057683554]",5.998269803781851,0.00012826933859501368,0.9999999966162925,[],[],shared_molecular,"{""start_index"": 0, ""stop_index_exclusive"": 5, ""t_start"": 0.06, ""t_stop"": 0.12576573057683554, ""num_points"": 5, ""free_order"": 5.998269803781851, ""free_alpha"": 0.00012772822277050142, ""r2"": 0.9999999966162925, ""fixed_order_alpha"": 0.00012826933859501368, ""order_deviation"": 0.0017301962181486275}"
active_stretch150,yoshida6_m3,6,shared_molecular,5e-12,True,"[0.06, 0.07219448409962559, 0.0868673922401849, 0.10452244279766615, 0.12576573057683554]",5.998269803781851,0.00012826933859501368,0.9999999966162925,[],[],shared_molecular,"{""start_index"": 0, ""stop_index_exclusive"": 5, ""t_start"": 0.06, ""t_stop"": 0.12576573057683554, ""num_points"": 5, ""free_order"": 5.998269803781851, ""free_alpha"": 0.00012772822277050142, ""r2"": 0.9999999966162925, ""fixed_order_alpha"": 0.00012826933859501368, ""order_deviation"": 0.0017301962181486275}"
active_stretch150,yoshida6_m3,6,legacy_molecular_sensitivity,5e-13,True,"[0.0453259395834091, 0.051947695424124994, 0.059536836625564964, 0.06823469042157068, 0.07820323082009921]",5.996768891398176,0.00012836792956089354,0.9999998215593615,"[{""time"": 0.02, ""error_hartree"": 1.734723475976807e-15}, {""time"": 0.02292183941538839, ""error_hartree"": 1.2714230244910103e-14}, {""time"": 0.026270536109242643, ""error_hartree"": 4.490247015740236e-14}, {""time"": 0.030108450502611094, ""error_hartree"": 8.849792050472007e-14}, {""time"": 0.034507053373351075, ""error_hartree"": 2.151622857173478e-13}, {""time"": 0.039548256806109475, ""error_hartree"": 4.95130763735741e-13}]",[],legacy_molecular_sensitivity,"{""start_index"": 6, ""stop_index_exclusive"": 11, ""t_start"": 0.0453259395834091, ""t_stop"": 0.07820323082009921, ""num_points"": 5, ""free_order"": 5.996768891398176, ""free_alpha"": 0.00012720311196777885, ""r2"": 0.9999998215593615, ""fixed_order_alpha"": 0.00012836792956089354, ""order_deviation"": 0.003231108601823962}"
active_stretch150,yoshida6_m3,6,legacy_molecular_sensitivity,5e-12,True,"[0.059536836625564964, 0.06823469042157068, 0.07820323082009921, 0.08962809493114333, 0.10272203995594266]",5.999415785752255,0.00012827538713777156,0.9999999835153833,"[{""time"": 0.02, ""error_hartree"": 1.734723475976807e-15}, {""time"": 0.02292183941538839, ""error_hartree"": 1.2714230244910103e-14}, {""time"": 0.026270536109242643, ""error_hartree"": 4.490247015740236e-14}, {""time"": 0.030108450502611094, ""error_hartree"": 8.849792050472007e-14}, {""time"": 0.034507053373351075, ""error_hartree"": 2.151622857173478e-13}, {""time"": 0.039548256806109475, ""error_hartree"": 4.95130763735741e-13}, {""time"": 0.0453259395834091, ""error_hartree"": 1.1138741415811526e-12}, {""time"": 0.051947695424124994, ""error_hartree"": 2.52562899785824e-12}]",[],legacy_molecular_sensitivity,"{""start_index"": 8, ""stop_index_exclusive"": 13, ""t_start"": 0.059536836625564964, ""t_stop"": 0.10272203995594266, ""num_points"": 5, ""free_order"": 5.999415785752255, ""free_alpha"": 0.0001280845480331176, ""r2"": 0.9999999835153833, ""fixed_order_alpha"": 0.00012827538713777156, ""order_deviation"": 0.0005842142477447965}"
full_equilibrium,yoshida4,4,shared_molecular,5e-13,False,[],,,,[],"[""R2 is high but fitted order is outside tolerance""]",shared_molecular,
full_equilibrium,yoshida4,4,shared_molecular,5e-12,False,[],,,,[],"[""R2 is high but fitted order is outside tolerance""]",shared_molecular,
full_equilibrium,yoshida4,4,legacy_molecular_sensitivity,5e-13,True,"[0.02, 0.02292183941538839, 0.026270536109242643, 0.030108450502611094, 0.034507053373351075]",3.9830438764674803,1.3518171800722216,0.9999995328311088,[],[],legacy_molecular_sensitivity,"{""start_index"": 0, ""stop_index_exclusive"": 5, ""t_start"": 0.02, ""t_stop"": 0.034507053373351075, ""num_points"": 5, ""free_order"": 3.9830438764674803, ""free_alpha"": 1.2709201974626003, ""r2"": 0.9999995328311088, ""fixed_order_alpha"": 1.3518171800722216, ""order_deviation"": 0.01695612353251974}"
full_equilibrium,yoshida4,4,legacy_molecular_sensitivity,5e-12,True,"[0.02, 0.02292183941538839, 0.026270536109242643, 0.030108450502611094, 0.034507053373351075]",3.9830438764674803,1.3518171800722216,0.9999995328311088,[],[],legacy_molecular_sensitivity,"{""start_index"": 0, ""stop_index_exclusive"": 5, ""t_start"": 0.02, ""t_stop"": 0.034507053373351075, ""num_points"": 5, ""free_order"": 3.9830438764674803, ""free_alpha"": 1.2709201974626003, ""r2"": 0.9999995328311088, ""fixed_order_alpha"": 1.3518171800722216, ""order_deviation"": 0.01695612353251974}"
full_equilibrium,paper_new4,4,shared_molecular,5e-13,False,[],,,,[],"[""sign reversal or cancellation occurs inside the grid""]",shared_molecular,
full_equilibrium,paper_new4,4,shared_molecular,5e-12,False,[],,,,[],"[""sign reversal or cancellation occurs inside the grid""]",shared_molecular,
full_equilibrium,paper_new4,4,legacy_molecular_sensitivity,5e-13,True,"[0.02, 0.02292183941538839, 0.026270536109242643, 0.030108450502611094, 0.034507053373351075]",3.963073008253643,0.018831810129359892,0.9999975457709064,[],[],legacy_molecular_sensitivity,"{""start_index"": 0, ""stop_index_exclusive"": 5, ""t_start"": 0.02, ""t_stop"": 0.034507053373351075, ""num_points"": 5, ""free_order"": 3.963073008253643, ""free_alpha"": 0.016463713851465687, ""r2"": 0.9999975457709064, ""fixed_order_alpha"": 0.018831810129359892, ""order_deviation"": 0.03692699174635683}"
full_equilibrium,paper_new4,4,legacy_molecular_sensitivity,5e-12,True,"[0.02, 0.02292183941538839, 0.026270536109242643, 0.030108450502611094, 0.034507053373351075]",3.963073008253643,0.018831810129359892,0.9999975457709064,[],[],legacy_molecular_sensitivity,"{""start_index"": 0, ""stop_index_exclusive"": 5, ""t_start"": 0.02, ""t_stop"": 0.034507053373351075, ""num_points"": 5, ""free_order"": 3.963073008253643, ""free_alpha"": 0.016463713851465687, ""r2"": 0.9999975457709064, ""fixed_order_alpha"": 0.018831810129359892, ""order_deviation"": 0.03692699174635683}"
full_equilibrium,m5_best,4,shared_molecular,5e-13,False,[],,,,[],"[""formal-order condition is met but R2 is below threshold"", ""R2 is high but fitted order is outside tolerance"", ""sign reversal or cancellation occurs inside the grid""]",shared_molecular,
full_equilibrium,m5_best,4,shared_molecular,5e-12,False,[],,,,[],"[""formal-order condition is met but R2 is below threshold"", ""R2 is high but fitted order is outside tolerance"", ""sign reversal or cancellation occurs inside the grid""]",shared_molecular,
full_equilibrium,m5_best,4,legacy_molecular_sensitivity,5e-13,True,"[0.02, 0.02292183941538839, 0.026270536109242643, 0.030108450502611094, 0.034507053373351075]",3.97786317318849,0.00032376215988280996,0.9999994250237492,[],[],legacy_molecular_sensitivity,"{""start_index"": 0, ""stop_index_exclusive"": 5, ""t_start"": 0.02, ""t_stop"": 0.034507053373351075, ""num_points"": 5, ""free_order"": 3.97786317318849, ""free_alpha"": 0.00029870201081575473, ""r2"": 0.9999994250237492, ""fixed_order_alpha"": 0.00032376215988280996, ""order_deviation"": 0.02213682681151008}"
full_equilibrium,m5_best,4,legacy_molecular_sensitivity,5e-12,True,"[0.02, 0.02292183941538839, 0.026270536109242643, 0.030108450502611094, 0.034507053373351075]",3.97786317318849,0.00032376215988280996,0.9999994250237492,[],[],legacy_molecular_sensitivity,"{""start_index"": 0, ""stop_index_exclusive"": 5, ""t_start"": 0.02, ""t_stop"": 0.034507053373351075, ""num_points"": 5, ""free_order"": 3.97786317318849, ""free_alpha"": 0.00029870201081575473, ""r2"": 0.9999994250237492, ""fixed_order_alpha"": 0.00032376215988280996, ""order_deviation"": 0.02213682681151008}"
full_equilibrium,two_term_center,4,shared_molecular,5e-13,True,"[0.06, 0.07219448409962559, 0.0868673922401849, 0.10452244279766615, 0.12576573057683554]",3.9351070421661922,0.00613039524958535,0.9999873439510578,[],[],shared_molecular,"{""start_index"": 0, ""stop_index_exclusive"": 5, ""t_start"": 0.06, ""t_stop"": 0.12576573057683554, ""num_points"": 5, ""free_order"": 3.9351070421661922, ""free_alpha"": 0.00523151836292814, ""r2"": 0.9999873439510578, ""fixed_order_alpha"": 0.00613039524958535, ""order_deviation"": 0.06489295783380777}"
full_equilibrium,two_term_center,4,shared_molecular,5e-12,True,"[0.06, 0.07219448409962559, 0.0868673922401849, 0.10452244279766615, 0.12576573057683554]",3.9351070421661922,0.00613039524958535,0.9999873439510578,[],[],shared_molecular,"{""start_index"": 0, ""stop_index_exclusive"": 5, ""t_start"": 0.06, ""t_stop"": 0.12576573057683554, ""num_points"": 5, ""free_order"": 3.9351070421661922, ""free_alpha"": 0.00523151836292814, ""r2"": 0.9999873439510578, ""fixed_order_alpha"": 0.00613039524958535, ""order_deviation"": 0.06489295783380777}"
full_equilibrium,two_term_center,4,legacy_molecular_sensitivity,5e-13,True,"[0.02, 0.02292183941538839, 0.026270536109242643, 0.030108450502611094, 0.034507053373351075]",3.995068786445197,0.0063193014951695645,0.9999999507003029,[],[],legacy_molecular_sensitivity,"{""start_index"": 0, ""stop_index_exclusive"": 5, ""t_start"": 0.02, ""t_stop"": 0.034507053373351075, ""num_points"": 5, ""free_order"": 3.995068786445197, ""free_alpha"": 0.0062069055945675475, ""r2"": 0.9999999507003029, ""fixed_order_alpha"": 0.0063193014951695645, ""order_deviation"": 0.004931213554803193}"
full_equilibrium,two_term_center,4,legacy_molecular_sensitivity,5e-12,True,"[0.02, 0.02292183941538839, 0.026270536109242643, 0.030108450502611094, 0.034507053373351075]",3.995068786445197,0.0063193014951695645,0.9999999507003029,[],[],legacy_molecular_sensitivity,"{""start_index"": 0, ""stop_index_exclusive"": 5, ""t_start"": 0.02, ""t_stop"": 0.034507053373351075, ""num_points"": 5, ""free_order"": 3.995068786445197, ""free_alpha"": 0.0062069055945675475, ""r2"": 0.9999999507003029, ""fixed_order_alpha"": 0.0063193014951695645, ""order_deviation"": 0.004931213554803193}"
full_equilibrium,joint_refine_r0_s0046,4,shared_molecular,5e-13,True,"[0.06, 0.07219448409962559, 0.0868673922401849, 0.10452244279766615, 0.12576573057683554]",3.919091049508894,0.13989382259402705,0.999979427316139,[],[],shared_molecular,"{""start_index"": 0, ""stop_index_exclusive"": 5, ""t_start"": 0.06, ""t_stop"": 0.12576573057683554, ""num_points"": 5, ""free_order"": 3.919091049508894, ""free_alpha"": 0.11480017590149844, ""r2"": 0.999979427316139, ""fixed_order_alpha"": 0.13989382259402705, ""order_deviation"": 0.0809089504911058}"
full_equilibrium,joint_refine_r0_s0046,4,shared_molecular,5e-12,True,"[0.06, 0.07219448409962559, 0.0868673922401849, 0.10452244279766615, 0.12576573057683554]",3.919091049508894,0.13989382259402705,0.999979427316139,[],[],shared_molecular,"{""start_index"": 0, ""stop_index_exclusive"": 5, ""t_start"": 0.06, ""t_stop"": 0.12576573057683554, ""num_points"": 5, ""free_order"": 3.919091049508894, ""free_alpha"": 0.11480017590149844, ""r2"": 0.999979427316139, ""fixed_order_alpha"": 0.13989382259402705, ""order_deviation"": 0.0809089504911058}"
full_equilibrium,joint_refine_r0_s0046,4,legacy_molecular_sensitivity,5e-13,True,"[0.02, 0.02292183941538839, 0.026270536109242643, 0.030108450502611094, 0.034507053373351075]",3.9930421310945077,0.14541571982189286,0.9999999220716655,[],[],legacy_molecular_sensitivity,"{""start_index"": 0, ""stop_index_exclusive"": 5, ""t_start"": 0.02, ""t_stop"": 0.034507053373351075, ""num_points"": 5, ""free_order"": 3.9930421310945077, ""free_alpha"": 0.14177975759477432, ""r2"": 0.9999999220716655, ""fixed_order_alpha"": 0.14541571982189286, ""order_deviation"": 0.006957868905492326}"
full_equilibrium,joint_refine_r0_s0046,4,legacy_molecular_sensitivity,5e-12,True,"[0.02, 0.02292183941538839, 0.026270536109242643, 0.030108450502611094, 0.034507053373351075]",3.9930421310945077,0.14541571982189286,0.9999999220716655,[],[],legacy_molecular_sensitivity,"{""start_index"": 0, ""stop_index_exclusive"": 5, ""t_start"": 0.02, ""t_stop"": 0.034507053373351075, ""num_points"": 5, ""free_order"": 3.9930421310945077, ""free_alpha"": 0.14177975759477432, ""r2"": 0.9999999220716655, ""fixed_order_alpha"": 0.14541571982189286, ""order_deviation"": 0.006957868905492326}"
full_equilibrium,yoshida6_m3,6,shared_molecular,5e-13,False,[],,,,[],"[""R2 is high but fitted order is outside tolerance""]",shared_molecular,
full_equilibrium,yoshida6_m3,6,shared_molecular,5e-12,False,[],,,,[],"[""R2 is high but fitted order is outside tolerance""]",shared_molecular,
full_equilibrium,yoshida6_m3,6,legacy_molecular_sensitivity,5e-13,True,"[0.02, 0.02292183941538839, 0.026270536109242643, 0.030108450502611094, 0.034507053373351075]",5.963827301931019,15.404697064197977,0.999999047973766,[],[],legacy_molecular_sensitivity,"{""start_index"": 0, ""stop_index_exclusive"": 5, ""t_start"": 0.02, ""t_stop"": 0.034507053373351075, ""num_points"": 5, ""free_order"": 5.963827301931019, ""free_alpha"": 13.50458022871602, ""r2"": 0.999999047973766, ""fixed_order_alpha"": 15.404697064197977, ""order_deviation"": 0.036172698068980935}"
full_equilibrium,yoshida6_m3,6,legacy_molecular_sensitivity,5e-12,True,"[0.02, 0.02292183941538839, 0.026270536109242643, 0.030108450502611094, 0.034507053373351075]",5.963827301931019,15.404697064197977,0.999999047973766,[],[],legacy_molecular_sensitivity,"{""start_index"": 0, ""stop_index_exclusive"": 5, ""t_start"": 0.02, ""t_stop"": 0.034507053373351075, ""num_points"": 5, ""free_order"": 5.963827301931019, ""free_alpha"": 13.50458022871602, ""r2"": 0.999999047973766, ""fixed_order_alpha"": 15.404697064197977, ""order_deviation"": 0.036172698068980935}"
full_stretch150,yoshida4,4,shared_molecular,5e-13,True,"[0.06, 0.07219448409962559, 0.0868673922401849, 0.10452244279766615, 0.12576573057683554]",3.8037192127356323,0.2740946227566335,0.9998685102010063,[],[],shared_molecular,"{""start_index"": 0, ""stop_index_exclusive"": 5, ""t_start"": 0.06, ""t_stop"": 0.12576573057683554, ""num_points"": 5, ""free_order"": 3.8037192127356323, ""free_alpha"": 0.1696752468711582, ""r2"": 0.9998685102010063, ""fixed_order_alpha"": 0.2740946227566335, ""order_deviation"": 0.1962807872643677}"
full_stretch150,yoshida4,4,shared_molecular,5e-12,True,"[0.06, 0.07219448409962559, 0.0868673922401849, 0.10452244279766615, 0.12576573057683554]",3.8037192127356323,0.2740946227566335,0.9998685102010063,[],[],shared_molecular,"{""start_index"": 0, ""stop_index_exclusive"": 5, ""t_start"": 0.06, ""t_stop"": 0.12576573057683554, ""num_points"": 5, ""free_order"": 3.8037192127356323, ""free_alpha"": 0.1696752468711582, ""r2"": 0.9998685102010063, ""fixed_order_alpha"": 0.2740946227566335, ""order_deviation"": 0.1962807872643677}"
full_stretch150,yoshida4,4,legacy_molecular_sensitivity,5e-13,True,"[0.02, 0.02292183941538839, 0.026270536109242643, 0.030108450502611094, 0.034507053373351075]",3.9833890488226444,0.3009165673697661,0.9999995526484452,[],[],legacy_molecular_sensitivity,"{""start_index"": 0, ""stop_index_exclusive"": 5, ""t_start"": 0.02, ""t_stop"": 0.034507053373351075, ""num_points"": 5, ""free_order"": 3.9833890488226444, ""free_alpha"": 0.28326438557188893, ""r2"": 0.9999995526484452, ""fixed_order_alpha"": 0.3009165673697661, ""order_deviation"": 0.01661095117735556}"
full_stretch150,yoshida4,4,legacy_molecular_sensitivity,5e-12,True,"[0.02, 0.02292183941538839, 0.026270536109242643, 0.030108450502611094, 0.034507053373351075]",3.9833890488226444,0.3009165673697661,0.9999995526484452,[],[],legacy_molecular_sensitivity,"{""start_index"": 0, ""stop_index_exclusive"": 5, ""t_start"": 0.02, ""t_stop"": 0.034507053373351075, ""num_points"": 5, ""free_order"": 3.9833890488226444, ""free_alpha"": 0.28326438557188893, ""r2"": 0.9999995526484452, ""fixed_order_alpha"": 0.3009165673697661, ""order_deviation"": 0.01661095117735556}"
full_stretch150,paper_new4,4,shared_molecular,5e-13,False,[],,,,[],"[""formal-order plateau is not reached before the current grid ends""]",shared_molecular,
full_stretch150,paper_new4,4,shared_molecular,5e-12,False,[],,,,[],"[""formal-order plateau is not reached before the current grid ends""]",shared_molecular,
full_stretch150,paper_new4,4,legacy_molecular_sensitivity,5e-13,True,"[0.02, 0.02292183941538839, 0.026270536109242643, 0.030108450502611094, 0.034507053373351075]",3.9661715671152202,0.004197818155173401,0.9999980092347565,[],[],legacy_molecular_sensitivity,"{""start_index"": 0, ""stop_index_exclusive"": 5, ""t_start"": 0.02, ""t_stop"": 0.034507053373351075, ""num_points"": 5, ""free_order"": 3.9661715671152202, ""free_alpha"": 0.0037115621095526186, ""r2"": 0.9999980092347565, ""fixed_order_alpha"": 0.004197818155173401, ""order_deviation"": 0.03382843288477977}"
full_stretch150,paper_new4,4,legacy_molecular_sensitivity,5e-12,True,"[0.02, 0.02292183941538839, 0.026270536109242643, 0.030108450502611094, 0.034507053373351075]",3.9661715671152202,0.004197818155173401,0.9999980092347565,[],[],legacy_molecular_sensitivity,"{""start_index"": 0, ""stop_index_exclusive"": 5, ""t_start"": 0.02, ""t_stop"": 0.034507053373351075, ""num_points"": 5, ""free_order"": 3.9661715671152202, ""free_alpha"": 0.0037115621095526186, ""r2"": 0.9999980092347565, ""fixed_order_alpha"": 0.004197818155173401, ""order_deviation"": 0.03382843288477977}"
full_stretch150,m5_best,4,shared_molecular,5e-13,False,[],,,,[],"[""formal-order condition is met but R2 is below threshold"", ""R2 is high but fitted order is outside tolerance"", ""sign reversal or cancellation occurs inside the grid""]",shared_molecular,
full_stretch150,m5_best,4,shared_molecular,5e-12,False,[],,,,[],"[""formal-order condition is met but R2 is below threshold"", ""R2 is high but fitted order is outside tolerance"", ""sign reversal or cancellation occurs inside the grid""]",shared_molecular,
full_stretch150,m5_best,4,legacy_molecular_sensitivity,5e-13,True,"[0.02, 0.02292183941538839, 0.026270536109242643, 0.030108450502611094, 0.034507053373351075]",3.968647303700582,7.225511517515783e-05,0.9999958690853481,[],[],legacy_molecular_sensitivity,"{""start_index"": 0, ""stop_index_exclusive"": 5, ""t_start"": 0.02, ""t_stop"": 0.034507053373351075, ""num_points"": 5, ""free_order"": 3.968647303700582, ""free_alpha"": 6.446361958622686e-05, ""r2"": 0.9999958690853481, ""fixed_order_alpha"": 7.225511517515783e-05, ""order_deviation"": 0.03135269629941817}"
full_stretch150,m5_best,4,legacy_molecular_sensitivity,5e-12,True,"[0.02, 0.02292183941538839, 0.026270536109242643, 0.030108450502611094, 0.034507053373351075]",3.968647303700582,7.225511517515783e-05,0.9999958690853481,[],[],legacy_molecular_sensitivity,"{""start_index"": 0, ""stop_index_exclusive"": 5, ""t_start"": 0.02, ""t_stop"": 0.034507053373351075, ""num_points"": 5, ""free_order"": 3.968647303700582, ""free_alpha"": 6.446361958622686e-05, ""r2"": 0.9999958690853481, ""fixed_order_alpha"": 7.225511517515783e-05, ""order_deviation"": 0.03135269629941817}"
full_stretch150,two_term_center,4,shared_molecular,5e-13,True,"[0.06, 0.07219448409962559, 0.0868673922401849, 0.10452244279766615, 0.12576573057683554]",3.9397544358345646,0.0013675906008460445,0.9999890076718075,[],[],shared_molecular,"{""start_index"": 0, ""stop_index_exclusive"": 5, ""t_start"": 0.06, ""t_stop"": 0.12576573057683554, ""num_points"": 5, ""free_order"": 3.9397544358345646, ""free_alpha"": 0.0011803938432613894, ""r2"": 0.9999890076718075, ""fixed_order_alpha"": 0.0013675906008460445, ""order_deviation"": 0.06024556416543536}"
full_stretch150,two_term_center,4,shared_molecular,5e-12,True,"[0.06, 0.07219448409962559, 0.0868673922401849, 0.10452244279766615, 0.12576573057683554]",3.9397544358345646,0.0013675906008460445,0.9999890076718075,[],[],shared_molecular,"{""start_index"": 0, ""stop_index_exclusive"": 5, ""t_start"": 0.06, ""t_stop"": 0.12576573057683554, ""num_points"": 5, ""free_order"": 3.9397544358345646, ""free_alpha"": 0.0011803938432613894, ""r2"": 0.9999890076718075, ""fixed_order_alpha"": 0.0013675906008460445, ""order_deviation"": 0.06024556416543536}"
full_stretch150,two_term_center,4,legacy_molecular_sensitivity,5e-13,True,"[0.02, 0.02292183941538839, 0.026270536109242643, 0.030108450502611094, 0.034507053373351075]",3.9955393103896033,0.0014066677431951483,0.9999999274868863,[],[],legacy_molecular_sensitivity,"{""start_index"": 0, ""stop_index_exclusive"": 5, ""t_start"": 0.02, ""t_stop"": 0.034507053373351075, ""num_points"": 5, ""free_order"": 3.9955393103896033, ""free_alpha"": 0.0013840165075785116, ""r2"": 0.9999999274868863, ""fixed_order_alpha"": 0.0014066677431951483, ""order_deviation"": 0.004460689610396695}"
full_stretch150,two_term_center,4,legacy_molecular_sensitivity,5e-12,True,"[0.02, 0.02292183941538839, 0.026270536109242643, 0.030108450502611094, 0.034507053373351075]",3.9955393103896033,0.0014066677431951483,0.9999999274868863,[],[],legacy_molecular_sensitivity,"{""start_index"": 0, ""stop_index_exclusive"": 5, ""t_start"": 0.02, ""t_stop"": 0.034507053373351075, ""num_points"": 5, ""free_order"": 3.9955393103896033, ""free_alpha"": 0.0013840165075785116, ""r2"": 0.9999999274868863, ""fixed_order_alpha"": 0.0014066677431951483, ""order_deviation"": 0.004460689610396695}"
full_stretch150,joint_refine_r0_s0046,4,shared_molecular,5e-13,True,"[0.06, 0.07219448409962559, 0.0868673922401849, 0.10452244279766615, 0.12576573057683554]",3.921154102091693,0.031165868135602237,0.9999806528342539,[],[],shared_molecular,"{""start_index"": 0, ""stop_index_exclusive"": 5, ""t_start"": 0.06, ""t_stop"": 0.12576573057683554, ""num_points"": 5, ""free_order"": 3.921154102091693, ""free_alpha"": 0.025704694056357915, ""r2"": 0.9999806528342539, ""fixed_order_alpha"": 0.031165868135602237, ""order_deviation"": 0.0788458979083071}"
full_stretch150,joint_refine_r0_s0046,4,shared_molecular,5e-12,True,"[0.06, 0.07219448409962559, 0.0868673922401849, 0.10452244279766615, 0.12576573057683554]",3.921154102091693,0.031165868135602237,0.9999806528342539,[],[],shared_molecular,"{""start_index"": 0, ""stop_index_exclusive"": 5, ""t_start"": 0.06, ""t_stop"": 0.12576573057683554, ""num_points"": 5, ""free_order"": 3.921154102091693, ""free_alpha"": 0.025704694056357915, ""r2"": 0.9999806528342539, ""fixed_order_alpha"": 0.031165868135602237, ""order_deviation"": 0.0788458979083071}"
full_stretch150,joint_refine_r0_s0046,4,legacy_molecular_sensitivity,5e-13,True,"[0.02, 0.02292183941538839, 0.026270536109242643, 0.030108450502611094, 0.034507053373351075]",3.9931711745399023,0.03236659551245663,0.9999999256248462,[],[],legacy_molecular_sensitivity,"{""start_index"": 0, ""stop_index_exclusive"": 5, ""t_start"": 0.02, ""t_stop"": 0.034507053373351075, ""num_points"": 5, ""free_order"": 3.9931711745399023, ""free_alpha"": 0.03157212762292008, ""r2"": 0.9999999256248462, ""fixed_order_alpha"": 0.03236659551245663, ""order_deviation"": 0.006828825460097665}"
full_stretch150,joint_refine_r0_s0046,4,legacy_molecular_sensitivity,5e-12,True,"[0.02, 0.02292183941538839, 0.026270536109242643, 0.030108450502611094, 0.034507053373351075]",3.9931711745399023,0.03236659551245663,0.9999999256248462,[],[],legacy_molecular_sensitivity,"{""start_index"": 0, ""stop_index_exclusive"": 5, ""t_start"": 0.02, ""t_stop"": 0.034507053373351075, ""num_points"": 5, ""free_order"": 3.9931711745399023, ""free_alpha"": 0.03157212762292008, ""r2"": 0.9999999256248462, ""fixed_order_alpha"": 0.03236659551245663, ""order_deviation"": 0.006828825460097665}"
full_stretch150,yoshida6_m3,6,shared_molecular,5e-13,False,[],,,,[],"[""R2 is high but fitted order is outside tolerance""]",shared_molecular,
full_stretch150,yoshida6_m3,6,shared_molecular,5e-12,False,[],,,,[],"[""R2 is high but fitted order is outside tolerance""]",shared_molecular,
full_stretch150,yoshida6_m3,6,legacy_molecular_sensitivity,5e-13,True,"[0.02, 0.02292183941538839, 0.026270536109242643, 0.030108450502611094, 0.034507053373351075]",5.965473515669766,3.1270114842614776,0.9999990979258697,[],[],legacy_molecular_sensitivity,"{""start_index"": 0, ""stop_index_exclusive"": 5, ""t_start"": 0.02, ""t_stop"": 0.034507053373351075, ""num_points"": 5, ""free_order"": 5.965473515669766, ""free_alpha"": 2.7577779523070487, ""r2"": 0.9999990979258697, ""fixed_order_alpha"": 3.1270114842614776, ""order_deviation"": 0.0345264843302342}"
full_stretch150,yoshida6_m3,6,legacy_molecular_sensitivity,5e-12,True,"[0.02, 0.02292183941538839, 0.026270536109242643, 0.030108450502611094, 0.034507053373351075]",5.965473515669766,3.1270114842614776,0.9999990979258697,[],[],legacy_molecular_sensitivity,"{""start_index"": 0, ""stop_index_exclusive"": 5, ""t_start"": 0.02, ""t_stop"": 0.034507053373351075, ""num_points"": 5, ""free_order"": 5.965473515669766, ""free_alpha"": 2.7577779523070487, ""r2"": 0.9999990979258697, ""fixed_order_alpha"": 3.1270114842614776, ""order_deviation"": 0.0345264843302342}"
